Image,Class
image8710.jpg,Miscellaneous
image5836.jpg,Miscellaneous
image7155.jpg,Miscellaneous
image2295.jpg,Miscellaneous
image750.jpg,Miscellaneous
image382.jpg,Miscellaneous
image8571.jpg,Jacket
image69.jpg,Christmas_Tree
image6329.jpg,Jacket
image3680.jpg,Snowman
image7562.jpg,Miscellaneous
image2796.jpg,Miscellaneous
image4323.jpg,Miscellaneous
image2148.jpg,Jacket
image6209.jpg,Airplane
image5771.jpg,Airplane
image5554.jpg,Miscellaneous
image4634.jpg,Christmas_Tree
image9716.jpg,Airplane
image7272.jpg,Christmas_Tree
image5141.jpg,Miscellaneous
image4975.jpg,Miscellaneous
image898.jpg,Snowman
image6202.jpg,Candle
image9603.jpg,Miscellaneous
image9664.jpg,Miscellaneous
image3804.jpg,Miscellaneous
image8374.jpg,Jacket
image267.jpg,Christmas_Tree
image8799.jpg,Jacket
image3041.jpg,Snowman
image2137.jpg,Miscellaneous
image4541.jpg,Miscellaneous
image7944.jpg,Christmas_Tree
image7415.jpg,Snowman
image5664.jpg,Miscellaneous
image8227.jpg,Christmas_Tree
image4887.jpg,Miscellaneous
image9299.jpg,Miscellaneous
image3653.jpg,Snowman
image86.jpg,Miscellaneous
image2391.jpg,Miscellaneous
image7104.jpg,Christmas_Tree
image1811.jpg,Miscellaneous
image1386.jpg,Miscellaneous
image2644.jpg,Christmas_Tree
image7529.jpg,Airplane
image5826.jpg,Miscellaneous
image9939.jpg,Miscellaneous
image3200.jpg,Miscellaneous
image5096.jpg,Jacket
image4943.jpg,Jacket
image3380.jpg,Jacket
image4560.jpg,Miscellaneous
image8124.jpg,Christmas_Tree
image8516.jpg,Miscellaneous
image4456.jpg,Miscellaneous
image4577.jpg,Miscellaneous
image5118.jpg,Miscellaneous
image3897.jpg,Christmas_Tree
image1809.jpg,Miscellaneous
image9258.jpg,Miscellaneous
image4060.jpg,Snowman
image456.jpg,Miscellaneous
image4971.jpg,Miscellaneous
image3392.jpg,Snowman
image7047.jpg,Airplane
image6402.jpg,Christmas_Tree
image4656.jpg,Miscellaneous
image517.jpg,Miscellaneous
image646.jpg,Christmas_Tree
image4016.jpg,Miscellaneous
image9599.jpg,Jacket
image7581.jpg,Christmas_Tree
image6149.jpg,Miscellaneous
image7558.jpg,Christmas_Tree
image7686.jpg,Candle
image1440.jpg,Candle
image5813.jpg,Candle
image5562.jpg,Miscellaneous
image1352.jpg,Miscellaneous
image4533.jpg,Miscellaneous
image2120.jpg,Christmas_Tree
image9157.jpg,Airplane
image5384.jpg,Jacket
image6159.jpg,Candle
image136.jpg,Miscellaneous
image5027.jpg,Miscellaneous
image933.jpg,Christmas_Tree
image6709.jpg,Miscellaneous
image4765.jpg,Candle
image9223.jpg,Christmas_Tree
image8432.jpg,Airplane
image5549.jpg,Airplane
image6624.jpg,Christmas_Tree
image7127.jpg,Christmas_Tree
image2491.jpg,Snowman
image769.jpg,Miscellaneous
image7204.jpg,Snowman
image4156.jpg,Snowman
image6168.jpg,Miscellaneous
image5932.jpg,Candle
image1962.jpg,Miscellaneous
image82.jpg,Miscellaneous
image8726.jpg,Miscellaneous
image8351.jpg,Airplane
image9377.jpg,Snowman
image4977.jpg,Snowman
image2699.jpg,Miscellaneous
image1491.jpg,Miscellaneous
image6719.jpg,Miscellaneous
image6052.jpg,Miscellaneous
image8909.jpg,Candle
image5478.jpg,Candle
image7492.jpg,Christmas_Tree
image7947.jpg,Candle
image7106.jpg,Christmas_Tree
image8917.jpg,Jacket
image1034.jpg,Candle
image5516.jpg,Miscellaneous
image8393.jpg,Miscellaneous
image7790.jpg,Miscellaneous
image8616.jpg,Christmas_Tree
image3252.jpg,Snowman
image2297.jpg,Miscellaneous
image8534.jpg,Miscellaneous
image6526.jpg,Miscellaneous
image4409.jpg,Miscellaneous
image6120.jpg,Miscellaneous
image2312.jpg,Miscellaneous
image6250.jpg,Miscellaneous
image9473.jpg,Candle
image7459.jpg,Jacket
image8247.jpg,Jacket
image8051.jpg,Miscellaneous
image8674.jpg,Miscellaneous
image6235.jpg,Miscellaneous
image6481.jpg,Jacket
image8811.jpg,Snowman
image4288.jpg,Christmas_Tree
image3743.jpg,Miscellaneous
image6982.jpg,Christmas_Tree
image778.jpg,Miscellaneous
image393.jpg,Miscellaneous
image1943.jpg,Miscellaneous
image4268.jpg,Miscellaneous
image3958.jpg,Miscellaneous
image9767.jpg,Christmas_Tree
image8761.jpg,Miscellaneous
image7523.jpg,Candle
image3219.jpg,Miscellaneous
image2718.jpg,Miscellaneous
image1618.jpg,Miscellaneous
image1879.jpg,Christmas_Tree
image9203.jpg,Miscellaneous
image4800.jpg,Miscellaneous
image9037.jpg,Jacket
image1073.jpg,Miscellaneous
image5576.jpg,Jacket
image2907.jpg,Miscellaneous
image1138.jpg,Miscellaneous
image6833.jpg,Airplane
image1045.jpg,Miscellaneous
image3758.jpg,Christmas_Tree
image9839.jpg,Miscellaneous
image9540.jpg,Airplane
image583.jpg,Snowman
image4916.jpg,Jacket
image5353.jpg,Airplane
image7393.jpg,Miscellaneous
image4334.jpg,Miscellaneous
image8550.jpg,Snowman
image4200.jpg,Candle
image8647.jpg,Miscellaneous
image1280.jpg,Miscellaneous
image5184.jpg,Christmas_Tree
image5301.jpg,Christmas_Tree
image5753.jpg,Christmas_Tree
image9018.jpg,Miscellaneous
image3360.jpg,Christmas_Tree
image8863.jpg,Snowman
image8043.jpg,Jacket
image5349.jpg,Snowman
image593.jpg,Christmas_Tree
image734.jpg,Miscellaneous
image670.jpg,Miscellaneous
image8301.jpg,Miscellaneous
image5386.jpg,Miscellaneous
image2475.jpg,Jacket
image6144.jpg,Miscellaneous
image1788.jpg,Christmas_Tree
image3500.jpg,Candle
image4925.jpg,Christmas_Tree
image4710.jpg,Christmas_Tree
image3493.jpg,Airplane
image284.jpg,Christmas_Tree
image7266.jpg,Candle
image5236.jpg,Christmas_Tree
image9851.jpg,Miscellaneous
image652.jpg,Christmas_Tree
image6015.jpg,Miscellaneous
image6728.jpg,Miscellaneous
image2913.jpg,Miscellaneous
image9676.jpg,Airplane
image8292.jpg,Miscellaneous
image8525.jpg,Miscellaneous
image4013.jpg,Snowman
image3627.jpg,Snowman
image2747.jpg,Airplane
image659.jpg,Airplane
image6520.jpg,Jacket
image7537.jpg,Miscellaneous
image1100.jpg,Jacket
image6475.jpg,Miscellaneous
image4292.jpg,Miscellaneous
image52.jpg,Airplane
image1350.jpg,Miscellaneous
image6451.jpg,Miscellaneous
image2615.jpg,Jacket
image1270.jpg,Jacket
image497.jpg,Miscellaneous
image4718.jpg,Christmas_Tree
image4114.jpg,Snowman
image8727.jpg,Jacket
image3004.jpg,Jacket
image6991.jpg,Airplane
image5098.jpg,Miscellaneous
image3420.jpg,Jacket
image3768.jpg,Christmas_Tree
image5170.jpg,Airplane
image1167.jpg,Christmas_Tree
image1359.jpg,Miscellaneous
image6460.jpg,Miscellaneous
image7437.jpg,Miscellaneous
image1470.jpg,Christmas_Tree
image1606.jpg,Christmas_Tree
image4145.jpg,Miscellaneous
image1148.jpg,Miscellaneous
image5360.jpg,Snowman
image4195.jpg,Miscellaneous
image8271.jpg,Miscellaneous
image129.jpg,Christmas_Tree
image7657.jpg,Airplane
image4352.jpg,Miscellaneous
image2029.jpg,Miscellaneous
image942.jpg,Jacket
image6483.jpg,Airplane
image5412.jpg,Christmas_Tree
image4346.jpg,Christmas_Tree
image2950.jpg,Airplane
image9308.jpg,Miscellaneous
image8850.jpg,Christmas_Tree
image9465.jpg,Candle
image7057.jpg,Snowman
image6027.jpg,Jacket
image8464.jpg,Miscellaneous
image6272.jpg,Miscellaneous
image6169.jpg,Snowman
image796.jpg,Miscellaneous
image8120.jpg,Christmas_Tree
image4408.jpg,Christmas_Tree
image8125.jpg,Snowman
image3913.jpg,Jacket
image353.jpg,Jacket
image5339.jpg,Miscellaneous
image6384.jpg,Candle
image7284.jpg,Miscellaneous
image323.jpg,Miscellaneous
image1307.jpg,Christmas_Tree
image3859.jpg,Christmas_Tree
image9304.jpg,Candle
image7788.jpg,Jacket
image4038.jpg,Christmas_Tree
image9429.jpg,Miscellaneous
image4712.jpg,Miscellaneous
image661.jpg,Miscellaneous
image5097.jpg,Miscellaneous
image1739.jpg,Airplane
image3375.jpg,Miscellaneous
image4748.jpg,Miscellaneous
image9151.jpg,Christmas_Tree
image1218.jpg,Christmas_Tree
image8065.jpg,Miscellaneous
image916.jpg,Jacket
image7933.jpg,Jacket
image7034.jpg,Airplane
image118.jpg,Airplane
image3150.jpg,Jacket
image2982.jpg,Miscellaneous
image7348.jpg,Miscellaneous
image9094.jpg,Snowman
image8986.jpg,Snowman
image8207.jpg,Airplane
image1183.jpg,Snowman
image6732.jpg,Christmas_Tree
image3026.jpg,Christmas_Tree
image1257.jpg,Miscellaneous
image7615.jpg,Airplane
image2291.jpg,Miscellaneous
image8462.jpg,Candle
image1613.jpg,Miscellaneous
image2528.jpg,Airplane
image6926.jpg,Snowman
image489.jpg,Miscellaneous
image6613.jpg,Miscellaneous
image5648.jpg,Christmas_Tree
image1260.jpg,Candle
image9282.jpg,Miscellaneous
image5677.jpg,Miscellaneous
image144.jpg,Candle
image5438.jpg,Candle
image4410.jpg,Christmas_Tree
image1334.jpg,Christmas_Tree
image743.jpg,Miscellaneous
image75.jpg,Jacket
image8568.jpg,Miscellaneous
image3581.jpg,Miscellaneous
image1509.jpg,Christmas_Tree
image6332.jpg,Miscellaneous
image7843.jpg,Jacket
image4223.jpg,Miscellaneous
image1345.jpg,Airplane
image6666.jpg,Miscellaneous
image281.jpg,Candle
image8421.jpg,Christmas_Tree
image9539.jpg,Airplane
image6347.jpg,Miscellaneous
image1522.jpg,Miscellaneous
image8784.jpg,Snowman
image7969.jpg,Jacket
image8782.jpg,Christmas_Tree
image7147.jpg,Miscellaneous
image6415.jpg,Candle
image4598.jpg,Miscellaneous
image7870.jpg,Miscellaneous
image9616.jpg,Miscellaneous
image5694.jpg,Jacket
image9704.jpg,Jacket
image2674.jpg,Miscellaneous
image3693.jpg,Candle
image776.jpg,Snowman
image1226.jpg,Christmas_Tree
image4135.jpg,Airplane
image3885.jpg,Christmas_Tree
image7856.jpg,Miscellaneous
image2945.jpg,Miscellaneous
image211.jpg,Christmas_Tree
image4619.jpg,Christmas_Tree
image5552.jpg,Miscellaneous
image2810.jpg,Miscellaneous
image2895.jpg,Jacket
image5884.jpg,Miscellaneous
image997.jpg,Miscellaneous
image7835.jpg,Miscellaneous
image5952.jpg,Airplane
image1031.jpg,Christmas_Tree
image6177.jpg,Christmas_Tree
image5036.jpg,Christmas_Tree
image664.jpg,Christmas_Tree
image3648.jpg,Christmas_Tree
image3129.jpg,Miscellaneous
image7347.jpg,Miscellaneous
image8966.jpg,Miscellaneous
image1051.jpg,Airplane
image720.jpg,Airplane
image9596.jpg,Jacket
image4564.jpg,Candle
image5761.jpg,Airplane
image4125.jpg,Candle
image4076.jpg,Christmas_Tree
image4421.jpg,Airplane
image8099.jpg,Miscellaneous
image5120.jpg,Christmas_Tree
image4799.jpg,Snowman
image7815.jpg,Christmas_Tree
image6859.jpg,Jacket
image1789.jpg,Miscellaneous
image5897.jpg,Jacket
image7452.jpg,Miscellaneous
image218.jpg,Miscellaneous
image8277.jpg,Snowman
image1130.jpg,Miscellaneous
image1868.jpg,Christmas_Tree
image9015.jpg,Miscellaneous
image8933.jpg,Miscellaneous
image8470.jpg,Christmas_Tree
image4749.jpg,Miscellaneous
image579.jpg,Snowman
image3802.jpg,Candle
image8267.jpg,Airplane
image8382.jpg,Airplane
image8361.jpg,Miscellaneous
image1731.jpg,Miscellaneous
image6234.jpg,Miscellaneous
image2484.jpg,Miscellaneous
image1251.jpg,Christmas_Tree
image7214.jpg,Airplane
image9526.jpg,Candle
image4261.jpg,Airplane
image8463.jpg,Airplane
image8833.jpg,Miscellaneous
image3110.jpg,Jacket
image3724.jpg,Miscellaneous
image8217.jpg,Airplane
image7539.jpg,Miscellaneous
image3207.jpg,Candle
image3451.jpg,Miscellaneous
image702.jpg,Snowman
image2830.jpg,Christmas_Tree
image1370.jpg,Jacket
image5109.jpg,Airplane
image1346.jpg,Christmas_Tree
image9224.jpg,Miscellaneous
image8291.jpg,Miscellaneous
image2904.jpg,Miscellaneous
image2198.jpg,Miscellaneous
image714.jpg,Candle
image1683.jpg,Airplane
image7129.jpg,Miscellaneous
image5004.jpg,Airplane
image2868.jpg,Christmas_Tree
image5608.jpg,Miscellaneous
image119.jpg,Miscellaneous
image2667.jpg,Airplane
image6759.jpg,Jacket
image5799.jpg,Christmas_Tree
image6217.jpg,Christmas_Tree
image5107.jpg,Miscellaneous
image2322.jpg,Christmas_Tree
image2490.jpg,Christmas_Tree
image64.jpg,Miscellaneous
image1757.jpg,Candle
image6636.jpg,Christmas_Tree
image5861.jpg,Christmas_Tree
image1855.jpg,Miscellaneous
image1787.jpg,Candle
image5289.jpg,Jacket
image1231.jpg,Miscellaneous
image2519.jpg,Airplane
image9927.jpg,Miscellaneous
image2657.jpg,Christmas_Tree
image6683.jpg,Miscellaneous
image2170.jpg,Miscellaneous
image9740.jpg,Candle
image7037.jpg,Christmas_Tree
image1457.jpg,Snowman
image3409.jpg,Miscellaneous
image3866.jpg,Jacket
image7024.jpg,Miscellaneous
image7232.jpg,Miscellaneous
image3946.jpg,Miscellaneous
image5039.jpg,Snowman
image7227.jpg,Candle
image8122.jpg,Christmas_Tree
image5494.jpg,Miscellaneous
image3328.jpg,Miscellaneous
image8924.jpg,Airplane
image8245.jpg,Christmas_Tree
image6054.jpg,Christmas_Tree
image5583.jpg,Christmas_Tree
image6928.jpg,Jacket
image7640.jpg,Airplane
image5406.jpg,Christmas_Tree
image2362.jpg,Miscellaneous
image4528.jpg,Jacket
image5606.jpg,Miscellaneous
image3522.jpg,Miscellaneous
image7926.jpg,Miscellaneous
image418.jpg,Miscellaneous
image3305.jpg,Miscellaneous
image5774.jpg,Miscellaneous
image6909.jpg,Jacket
image4620.jpg,Snowman
image254.jpg,Miscellaneous
image1161.jpg,Christmas_Tree
image3096.jpg,Miscellaneous
image1790.jpg,Christmas_Tree
image3349.jpg,Miscellaneous
image6500.jpg,Jacket
image5935.jpg,Christmas_Tree
image5973.jpg,Miscellaneous
image9705.jpg,Christmas_Tree
image3015.jpg,Jacket
image9490.jpg,Airplane
image3605.jpg,Jacket
image675.jpg,Airplane
image4285.jpg,Miscellaneous
image6577.jpg,Miscellaneous
image4264.jpg,Candle
image2749.jpg,Miscellaneous
image4004.jpg,Miscellaneous
image4869.jpg,Christmas_Tree
image2482.jpg,Airplane
image5767.jpg,Christmas_Tree
image1150.jpg,Jacket
image4802.jpg,Christmas_Tree
image5053.jpg,Christmas_Tree
image1993.jpg,Candle
image7176.jpg,Christmas_Tree
image7105.jpg,Miscellaneous
image4670.jpg,Miscellaneous
image4965.jpg,Miscellaneous
image6738.jpg,Christmas_Tree
image5016.jpg,Jacket
image9771.jpg,Miscellaneous
image7158.jpg,Miscellaneous
image1351.jpg,Christmas_Tree
image7549.jpg,Snowman
image9082.jpg,Christmas_Tree
image9775.jpg,Candle
image2022.jpg,Miscellaneous
image5362.jpg,Miscellaneous
image4895.jpg,Miscellaneous
image2401.jpg,Miscellaneous
image1461.jpg,Miscellaneous
image2987.jpg,Candle
image1660.jpg,Miscellaneous
image2452.jpg,Miscellaneous
image2941.jpg,Miscellaneous
image4584.jpg,Miscellaneous
image2502.jpg,Miscellaneous
image7240.jpg,Miscellaneous
image2646.jpg,Jacket
image5245.jpg,Miscellaneous
image2099.jpg,Airplane
image6307.jpg,Airplane
image2807.jpg,Miscellaneous
image6364.jpg,Christmas_Tree
image229.jpg,Miscellaneous
image1129.jpg,Christmas_Tree
image5592.jpg,Candle
image1021.jpg,Jacket
image3116.jpg,Snowman
image4929.jpg,Candle
image1147.jpg,Christmas_Tree
image3250.jpg,Jacket
image300.jpg,Christmas_Tree
image5163.jpg,Jacket
image7178.jpg,Miscellaneous
image6503.jpg,Christmas_Tree
image6004.jpg,Miscellaneous
image5734.jpg,Candle
image9243.jpg,Candle
image5560.jpg,Candle
image527.jpg,Miscellaneous
image660.jpg,Christmas_Tree
image4679.jpg,Christmas_Tree
image7170.jpg,Snowman
image7590.jpg,Miscellaneous
image8184.jpg,Christmas_Tree
image568.jpg,Snowman
image9876.jpg,Miscellaneous
image4572.jpg,Candle
image1743.jpg,Jacket
image5313.jpg,Candle
image5054.jpg,Christmas_Tree
image57.jpg,Christmas_Tree
image1818.jpg,Christmas_Tree
image7378.jpg,Miscellaneous
image4302.jpg,Miscellaneous
image1752.jpg,Airplane
image1998.jpg,Christmas_Tree
image8892.jpg,Miscellaneous
image4103.jpg,Candle
image4686.jpg,Christmas_Tree
image6080.jpg,Miscellaneous
image2392.jpg,Miscellaneous
image5154.jpg,Christmas_Tree
image9351.jpg,Airplane
image6039.jpg,Candle
image1866.jpg,Miscellaneous
image9054.jpg,Miscellaneous
image7226.jpg,Christmas_Tree
image2783.jpg,Christmas_Tree
image125.jpg,Jacket
image8229.jpg,Miscellaneous
image2156.jpg,Miscellaneous
image6539.jpg,Miscellaneous
image8072.jpg,Christmas_Tree
image8459.jpg,Miscellaneous
image7908.jpg,Miscellaneous
image2135.jpg,Miscellaneous
image6602.jpg,Candle
image8802.jpg,Miscellaneous
image6405.jpg,Miscellaneous
image7283.jpg,Miscellaneous
image5860.jpg,Candle
image8520.jpg,Miscellaneous
image9241.jpg,Candle
image4786.jpg,Candle
image2661.jpg,Christmas_Tree
image1365.jpg,Snowman
image3597.jpg,Airplane
image650.jpg,Christmas_Tree
image1820.jpg,Candle
image5433.jpg,Miscellaneous
image4694.jpg,Miscellaneous
image1430.jpg,Miscellaneous
image2089.jpg,Miscellaneous
image2560.jpg,Miscellaneous
image299.jpg,Miscellaneous
image6667.jpg,Airplane
image4378.jpg,Jacket
image476.jpg,Miscellaneous
image8329.jpg,Christmas_Tree
image87.jpg,Christmas_Tree
image3227.jpg,Jacket
image9307.jpg,Airplane
image4761.jpg,Miscellaneous
image3601.jpg,Miscellaneous
image8952.jpg,Miscellaneous
image5805.jpg,Miscellaneous
image380.jpg,Miscellaneous
image2309.jpg,Miscellaneous
image4814.jpg,Airplane
image9635.jpg,Miscellaneous
image3827.jpg,Miscellaneous
image8426.jpg,Snowman
image5634.jpg,Snowman
image8830.jpg,Christmas_Tree
image5783.jpg,Christmas_Tree
image9446.jpg,Miscellaneous
image215.jpg,Miscellaneous
image5507.jpg,Miscellaneous
image7754.jpg,Miscellaneous
image4450.jpg,Miscellaneous
image8288.jpg,Miscellaneous
image3614.jpg,Christmas_Tree
image2113.jpg,Airplane
image9196.jpg,Airplane
image4075.jpg,Miscellaneous
image6689.jpg,Snowman
image1442.jpg,Miscellaneous
image5291.jpg,Miscellaneous
image9717.jpg,Miscellaneous
image6249.jpg,Snowman
image4690.jpg,Candle
image682.jpg,Airplane
image2542.jpg,Miscellaneous
image6863.jpg,Snowman
image2586.jpg,Candle
image7318.jpg,Candle
image9788.jpg,Jacket
image1673.jpg,Airplane
image8600.jpg,Miscellaneous
image8677.jpg,Christmas_Tree
image8785.jpg,Miscellaneous
image3079.jpg,Miscellaneous
image7002.jpg,Christmas_Tree
image1447.jpg,Miscellaneous
image4186.jpg,Miscellaneous
image3499.jpg,Miscellaneous
image7898.jpg,Christmas_Tree
image8743.jpg,Miscellaneous
image1682.jpg,Miscellaneous
image4963.jpg,Airplane
image327.jpg,Miscellaneous
image4548.jpg,Candle
image7117.jpg,Miscellaneous
image5222.jpg,Christmas_Tree
image543.jpg,Snowman
image8299.jpg,Airplane
image4190.jpg,Miscellaneous
image4847.jpg,Christmas_Tree
image9867.jpg,Jacket
image1228.jpg,Miscellaneous
image2463.jpg,Airplane
image4326.jpg,Miscellaneous
image8975.jpg,Christmas_Tree
image9678.jpg,Miscellaneous
image2688.jpg,Miscellaneous
image8129.jpg,Miscellaneous
image1540.jpg,Christmas_Tree
image8944.jpg,Christmas_Tree
image9332.jpg,Candle
image6050.jpg,Miscellaneous
image5758.jpg,Miscellaneous
image1478.jpg,Candle
image8236.jpg,Christmas_Tree
image7325.jpg,Miscellaneous
image6807.jpg,Christmas_Tree
image5765.jpg,Miscellaneous
image5872.jpg,Airplane
image5329.jpg,Miscellaneous
image3905.jpg,Snowman
image3514.jpg,Miscellaneous
image3740.jpg,Jacket
image4370.jpg,Airplane
image274.jpg,Miscellaneous
image1049.jpg,Miscellaneous
image4665.jpg,Jacket
image713.jpg,Christmas_Tree
image3137.jpg,Airplane
image6793.jpg,Miscellaneous
image8715.jpg,Airplane
image199.jpg,Miscellaneous
image6256.jpg,Miscellaneous
image7579.jpg,Miscellaneous
image6663.jpg,Miscellaneous
image6572.jpg,Christmas_Tree
image9568.jpg,Candle
image9595.jpg,Miscellaneous
image2364.jpg,Jacket
image6317.jpg,Miscellaneous
image1496.jpg,Miscellaneous
image7166.jpg,Miscellaneous
image5336.jpg,Christmas_Tree
image126.jpg,Airplane
image7098.jpg,Miscellaneous
image2019.jpg,Miscellaneous
image830.jpg,Christmas_Tree
image2396.jpg,Miscellaneous
image9071.jpg,Christmas_Tree
image5989.jpg,Miscellaneous
image1032.jpg,Miscellaneous
image8378.jpg,Jacket
image1953.jpg,Miscellaneous
image4045.jpg,Airplane
image2548.jpg,Miscellaneous
image9097.jpg,Jacket
image7978.jpg,Candle
image966.jpg,Airplane
image8809.jpg,Miscellaneous
image6163.jpg,Jacket
image9062.jpg,Candle
image6277.jpg,Miscellaneous
image3764.jpg,Miscellaneous
image7541.jpg,Miscellaneous
image3472.jpg,Candle
image7915.jpg,Christmas_Tree
image2540.jpg,Christmas_Tree
image285.jpg,Jacket
image139.jpg,Christmas_Tree
image5711.jpg,Snowman
image4622.jpg,Snowman
image4464.jpg,Miscellaneous
image3683.jpg,Miscellaneous
image8694.jpg,Christmas_Tree
image8559.jpg,Airplane
image5743.jpg,Christmas_Tree
image7253.jpg,Jacket
image9679.jpg,Miscellaneous
image8664.jpg,Miscellaneous
image3422.jpg,Miscellaneous
image7569.jpg,Christmas_Tree
image1262.jpg,Miscellaneous
image4235.jpg,Christmas_Tree
image1314.jpg,Miscellaneous
image9078.jpg,Miscellaneous
image4655.jpg,Miscellaneous
image6610.jpg,Miscellaneous
image3532.jpg,Miscellaneous
image4594.jpg,Jacket
image2043.jpg,Christmas_Tree
image8064.jpg,Candle
image6099.jpg,Jacket
image9153.jpg,Miscellaneous
image5442.jpg,Miscellaneous
image9344.jpg,Miscellaneous
image5723.jpg,Miscellaneous
image4716.jpg,Miscellaneous
image4940.jpg,Miscellaneous
image1948.jpg,Christmas_Tree
image6721.jpg,Christmas_Tree
image1398.jpg,Miscellaneous
image2632.jpg,Miscellaneous
image8280.jpg,Miscellaneous
image3170.jpg,Christmas_Tree
image6047.jpg,Jacket
image390.jpg,Jacket
image6760.jpg,Miscellaneous
image5533.jpg,Candle
image5158.jpg,Snowman
image5737.jpg,Christmas_Tree
image632.jpg,Candle
image3526.jpg,Snowman
image2331.jpg,Christmas_Tree
image4236.jpg,Jacket
image3833.jpg,Miscellaneous
image1807.jpg,Miscellaneous
image4824.jpg,Airplane
image4674.jpg,Airplane
image6896.jpg,Jacket
image9145.jpg,Miscellaneous
image7286.jpg,Snowman
image6037.jpg,Candle
image3049.jpg,Miscellaneous
image5965.jpg,Miscellaneous
image3990.jpg,Miscellaneous
image6970.jpg,Christmas_Tree
image624.jpg,Miscellaneous
image3317.jpg,Miscellaneous
image7777.jpg,Snowman
image8711.jpg,Miscellaneous
image1460.jpg,Christmas_Tree
image2978.jpg,Candle
image1990.jpg,Jacket
image4448.jpg,Jacket
image8612.jpg,Christmas_Tree
image8225.jpg,Christmas_Tree
image5306.jpg,Miscellaneous
image9859.jpg,Jacket
image3948.jpg,Miscellaneous
image7336.jpg,Airplane
image1120.jpg,Miscellaneous
image3556.jpg,Jacket
image946.jpg,Jacket
image9210.jpg,Miscellaneous
image9115.jpg,Miscellaneous
image7207.jpg,Christmas_Tree
image5350.jpg,Christmas_Tree
image1765.jpg,Miscellaneous
image8287.jpg,Miscellaneous
image2848.jpg,Miscellaneous
image9190.jpg,Miscellaneous
image2894.jpg,Christmas_Tree
image9741.jpg,Airplane
image6622.jpg,Airplane
image4850.jpg,Miscellaneous
image3937.jpg,Airplane
image9496.jpg,Miscellaneous
image7029.jpg,Miscellaneous
image9372.jpg,Miscellaneous
image1283.jpg,Christmas_Tree
image829.jpg,Christmas_Tree
image3975.jpg,Candle
image4568.jpg,Christmas_Tree
image7817.jpg,Candle
image1898.jpg,Snowman
image9248.jpg,Miscellaneous
image9331.jpg,Miscellaneous
image1396.jpg,Candle
image8945.jpg,Candle
image8702.jpg,Miscellaneous
image8960.jpg,Christmas_Tree
image9905.jpg,Candle
image13.jpg,Miscellaneous
image5921.jpg,Christmas_Tree
image6516.jpg,Airplane
image5132.jpg,Miscellaneous
image2750.jpg,Miscellaneous
image756.jpg,Christmas_Tree
image65.jpg,Airplane
image742.jpg,Candle
image2856.jpg,Miscellaneous
image269.jpg,Snowman
image1160.jpg,Snowman
image1645.jpg,Candle
image5064.jpg,Miscellaneous
image7983.jpg,Miscellaneous
image3620.jpg,Miscellaneous
image7628.jpg,Miscellaneous
image6647.jpg,Airplane
image9611.jpg,Miscellaneous
image8884.jpg,Christmas_Tree
image6279.jpg,Jacket
image8981.jpg,Miscellaneous
image3308.jpg,Christmas_Tree
image984.jpg,Airplane
image1086.jpg,Jacket
image8774.jpg,Miscellaneous
image4248.jpg,Miscellaneous
image3533.jpg,Christmas_Tree
image2300.jpg,Christmas_Tree
image5300.jpg,Christmas_Tree
image4827.jpg,Miscellaneous
image9708.jpg,Candle
image5443.jpg,Jacket
image7791.jpg,Airplane
image5133.jpg,Jacket
image8636.jpg,Miscellaneous
image8749.jpg,Miscellaneous
image1666.jpg,Jacket
image6222.jpg,Miscellaneous
image7971.jpg,Miscellaneous
image7308.jpg,Miscellaneous
image6214.jpg,Christmas_Tree
image991.jpg,Christmas_Tree
image1821.jpg,Miscellaneous
image7124.jpg,Miscellaneous
image9522.jpg,Christmas_Tree
image8407.jpg,Airplane
image1854.jpg,Miscellaneous
image32.jpg,Miscellaneous
image4853.jpg,Candle
image9105.jpg,Miscellaneous
image4957.jpg,Miscellaneous
image2968.jpg,Christmas_Tree
image7306.jpg,Airplane
image9474.jpg,Miscellaneous
image43.jpg,Miscellaneous
image4064.jpg,Miscellaneous
image2842.jpg,Airplane
image2321.jpg,Miscellaneous
image3772.jpg,Snowman
image9075.jpg,Christmas_Tree
image5418.jpg,Snowman
image2158.jpg,Miscellaneous
image6105.jpg,Christmas_Tree
image6941.jpg,Christmas_Tree
image447.jpg,Christmas_Tree
image541.jpg,Candle
image6193.jpg,Miscellaneous
image7720.jpg,Christmas_Tree
image2314.jpg,Miscellaneous
image8824.jpg,Miscellaneous
image3018.jpg,Christmas_Tree
image1545.jpg,Miscellaneous
image9529.jpg,Miscellaneous
image157.jpg,Christmas_Tree
image3247.jpg,Jacket
image1323.jpg,Miscellaneous
image571.jpg,Miscellaneous
image8117.jpg,Miscellaneous
image9483.jpg,Christmas_Tree
image9107.jpg,Airplane
image1815.jpg,Christmas_Tree
image5635.jpg,Christmas_Tree
image8653.jpg,Christmas_Tree
image8776.jpg,Jacket
image5845.jpg,Airplane
image9674.jpg,Miscellaneous
image4798.jpg,Christmas_Tree
image5661.jpg,Miscellaneous
image2725.jpg,Candle
image2354.jpg,Miscellaneous
image2541.jpg,Airplane
image2047.jpg,Jacket
image3613.jpg,Christmas_Tree
image1679.jpg,Christmas_Tree
image5885.jpg,Miscellaneous
image8948.jpg,Miscellaneous
image2700.jpg,Christmas_Tree
image7587.jpg,Jacket
image7357.jpg,Airplane
image160.jpg,Miscellaneous
image6802.jpg,Miscellaneous
image8111.jpg,Miscellaneous
image5461.jpg,Jacket
image4872.jpg,Christmas_Tree
image2080.jpg,Christmas_Tree
image7565.jpg,Miscellaneous
image6604.jpg,Miscellaneous
image7009.jpg,Candle
image8569.jpg,Miscellaneous
image1483.jpg,Miscellaneous
image7363.jpg,Jacket
image233.jpg,Candle
image62.jpg,Jacket
image3851.jpg,Candle
image941.jpg,Snowman
image3934.jpg,Christmas_Tree
image9941.jpg,Miscellaneous
image3748.jpg,Miscellaneous
image2480.jpg,Christmas_Tree
image1479.jpg,Jacket
image3780.jpg,Christmas_Tree
image2145.jpg,Miscellaneous
image1947.jpg,Airplane
image2915.jpg,Jacket
image8610.jpg,Miscellaneous
image6997.jpg,Miscellaneous
image6130.jpg,Christmas_Tree
image244.jpg,Miscellaneous
image2350.jpg,Airplane
image5160.jpg,Airplane
image6832.jpg,Miscellaneous
image9848.jpg,Jacket
image1515.jpg,Candle
image7885.jpg,Christmas_Tree
image26.jpg,Miscellaneous
image8970.jpg,Jacket
image5529.jpg,Miscellaneous
image6980.jpg,Miscellaneous
image9900.jpg,Christmas_Tree
image1435.jpg,Snowman
image3411.jpg,Airplane
image452.jpg,Christmas_Tree
image4382.jpg,Miscellaneous
image6434.jpg,Snowman
image4306.jpg,Miscellaneous
image2129.jpg,Miscellaneous
image2564.jpg,Christmas_Tree
image4098.jpg,Jacket
image9728.jpg,Miscellaneous
image3632.jpg,Christmas_Tree
image7392.jpg,Christmas_Tree
image9152.jpg,Jacket
image1424.jpg,Jacket
image340.jpg,Snowman
image8058.jpg,Miscellaneous
image6555.jpg,Miscellaneous
image2957.jpg,Christmas_Tree
image263.jpg,Candle
image7235.jpg,Miscellaneous
image7706.jpg,Jacket
image8658.jpg,Miscellaneous
image8090.jpg,Airplane
image3071.jpg,Christmas_Tree
image5223.jpg,Miscellaneous
image1358.jpg,Miscellaneous
image9835.jpg,Miscellaneous
image5690.jpg,Christmas_Tree
image8096.jpg,Miscellaneous
image5115.jpg,Miscellaneous
image7918.jpg,Jacket
image1480.jpg,Jacket
image5848.jpg,Miscellaneous
image8596.jpg,Miscellaneous
image4836.jpg,Miscellaneous
image10.jpg,Miscellaneous
image1596.jpg,Snowman
image9872.jpg,Christmas_Tree
image2060.jpg,Miscellaneous
image3254.jpg,Christmas_Tree
image6110.jpg,Jacket
image8491.jpg,Jacket
image9618.jpg,Miscellaneous
image4347.jpg,Jacket
image715.jpg,Miscellaneous
image8887.jpg,Miscellaneous
image8269.jpg,Christmas_Tree
image6458.jpg,Jacket
image2317.jpg,Christmas_Tree
image7931.jpg,Candle
image6568.jpg,Christmas_Tree
image2167.jpg,Miscellaneous
image6822.jpg,Jacket
image110.jpg,Miscellaneous
image5829.jpg,Miscellaneous
image7564.jpg,Airplane
image3154.jpg,Airplane
image5599.jpg,Snowman
image2183.jpg,Miscellaneous
image900.jpg,Miscellaneous
image1490.jpg,Jacket
image2774.jpg,Christmas_Tree
image8108.jpg,Airplane
image6640.jpg,Jacket
image2374.jpg,Miscellaneous
image2324.jpg,Miscellaneous
image2935.jpg,Miscellaneous
image1557.jpg,Jacket
image9186.jpg,Christmas_Tree
image1869.jpg,Jacket
image8982.jpg,Jacket
image5063.jpg,Miscellaneous
image8526.jpg,Christmas_Tree
image4133.jpg,Christmas_Tree
image7488.jpg,Miscellaneous
image3238.jpg,Miscellaneous
image146.jpg,Miscellaneous
image4506.jpg,Christmas_Tree
image165.jpg,Miscellaneous
image2900.jpg,Miscellaneous
image8095.jpg,Christmas_Tree
image4117.jpg,Christmas_Tree
image640.jpg,Miscellaneous
image7980.jpg,Miscellaneous
image589.jpg,Christmas_Tree
image8017.jpg,Miscellaneous
image7403.jpg,Miscellaneous
image5331.jpg,Miscellaneous
image3479.jpg,Christmas_Tree
image241.jpg,Miscellaneous
image7807.jpg,Jacket
image3062.jpg,Miscellaneous
image455.jpg,Airplane
image8574.jpg,Christmas_Tree
image6437.jpg,Miscellaneous
image768.jpg,Candle
image7814.jpg,Miscellaneous
image2852.jpg,Miscellaneous
image3485.jpg,Miscellaneous
image688.jpg,Snowman
image2508.jpg,Miscellaneous
image6834.jpg,Miscellaneous
image6606.jpg,Candle
image5849.jpg,Jacket
image5702.jpg,Miscellaneous
image9659.jpg,Candle
image2876.jpg,Candle
image2400.jpg,Christmas_Tree
image4501.jpg,Miscellaneous
image921.jpg,Airplane
image8417.jpg,Christmas_Tree
image9826.jpg,Miscellaneous
image3257.jpg,Miscellaneous
image9131.jpg,Miscellaneous
image2821.jpg,Jacket
image3700.jpg,Christmas_Tree
image4879.jpg,Miscellaneous
image245.jpg,Miscellaneous
image61.jpg,Airplane
image2054.jpg,Miscellaneous
image9239.jpg,Miscellaneous
image6629.jpg,Christmas_Tree
image2624.jpg,Christmas_Tree
image7062.jpg,Christmas_Tree
image206.jpg,Miscellaneous
image3489.jpg,Jacket
image9426.jpg,Christmas_Tree
image1055.jpg,Jacket
image8025.jpg,Miscellaneous
image5467.jpg,Miscellaneous
image1058.jpg,Miscellaneous
image7567.jpg,Miscellaneous
image5352.jpg,Miscellaneous
image3826.jpg,Miscellaneous
image535.jpg,Jacket
image4312.jpg,Candle
image5260.jpg,Candle
image804.jpg,Miscellaneous
image8781.jpg,Miscellaneous
image8660.jpg,Miscellaneous
image3278.jpg,Miscellaneous
image252.jpg,Miscellaneous
image8433.jpg,Christmas_Tree
image3952.jpg,Miscellaneous
image5572.jpg,Christmas_Tree
image2884.jpg,Jacket
image6131.jpg,Miscellaneous
image1772.jpg,Miscellaneous
image2226.jpg,Christmas_Tree
image3205.jpg,Jacket
image5632.jpg,Christmas_Tree
image7097.jpg,Airplane
image9926.jpg,Miscellaneous
image4478.jpg,Miscellaneous
image6548.jpg,Miscellaneous
image2887.jpg,Miscellaneous
image700.jpg,Christmas_Tree
image9118.jpg,Christmas_Tree
image2847.jpg,Christmas_Tree
image684.jpg,Christmas_Tree
image8134.jpg,Christmas_Tree
image2530.jpg,Jacket
image2645.jpg,Jacket
image9644.jpg,Miscellaneous
image7094.jpg,Christmas_Tree
image771.jpg,Miscellaneous
image5522.jpg,Christmas_Tree
image3696.jpg,Miscellaneous
image7779.jpg,Miscellaneous
image3279.jpg,Christmas_Tree
image5666.jpg,Miscellaneous
image9956.jpg,Airplane
image2045.jpg,Jacket
image2500.jpg,Miscellaneous
image6321.jpg,Airplane
image2138.jpg,Miscellaneous
image5000.jpg,Miscellaneous
image5828.jpg,Miscellaneous
image2960.jpg,Miscellaneous
image6016.jpg,Christmas_Tree
image6450.jpg,Miscellaneous
image3845.jpg,Christmas_Tree
image4680.jpg,Candle
image2076.jpg,Jacket
image3314.jpg,Jacket
image8033.jpg,Candle
image671.jpg,Jacket
image5232.jpg,Miscellaneous
image9735.jpg,Christmas_Tree
image7395.jpg,Christmas_Tree
image9919.jpg,Miscellaneous
image7177.jpg,Airplane
image5267.jpg,Miscellaneous
image5590.jpg,Airplane
image2402.jpg,Christmas_Tree
image8281.jpg,Miscellaneous
image8000.jpg,Christmas_Tree
image7467.jpg,Christmas_Tree
image3577.jpg,Miscellaneous
image9321.jpg,Miscellaneous
image8835.jpg,Miscellaneous
image7763.jpg,Miscellaneous
image5034.jpg,Snowman
image3413.jpg,Christmas_Tree
image6278.jpg,Miscellaneous
image5801.jpg,Jacket
image1110.jpg,Snowman
image8528.jpg,Christmas_Tree
image3095.jpg,Airplane
image2850.jpg,Jacket
image1611.jpg,Miscellaneous
image2140.jpg,Christmas_Tree
image6283.jpg,Miscellaneous
image8991.jpg,Christmas_Tree
image5424.jpg,Jacket
image9814.jpg,Airplane
image4820.jpg,Miscellaneous
image6189.jpg,Airplane
image918.jpg,Airplane
image8024.jpg,Christmas_Tree
image971.jpg,Miscellaneous
image4374.jpg,Miscellaneous
image2649.jpg,Miscellaneous
image8958.jpg,Jacket
image6253.jpg,Miscellaneous
image3374.jpg,Miscellaneous
image6731.jpg,Miscellaneous
image9491.jpg,Christmas_Tree
image216.jpg,Christmas_Tree
image7943.jpg,Christmas_Tree
image8771.jpg,Miscellaneous
image7290.jpg,Miscellaneous
image7420.jpg,Christmas_Tree
image5581.jpg,Miscellaneous
image5850.jpg,Snowman
image8465.jpg,Christmas_Tree
image3414.jpg,Christmas_Tree
image7230.jpg,Jacket
image5456.jpg,Miscellaneous
image7165.jpg,Christmas_Tree
image3762.jpg,Candle
image7505.jpg,Miscellaneous
image6540.jpg,Miscellaneous
image2201.jpg,Miscellaneous
image2438.jpg,Candle
image3295.jpg,Miscellaneous
image6340.jpg,Jacket
image1309.jpg,Miscellaneous
image1498.jpg,Snowman
image2836.jpg,Snowman
image2407.jpg,Miscellaneous
image6565.jpg,Christmas_Tree
image5342.jpg,Jacket
image2874.jpg,Miscellaneous
image791.jpg,Miscellaneous
image5321.jpg,Miscellaneous
image8458.jpg,Miscellaneous
image6124.jpg,Jacket
image4358.jpg,Miscellaneous
image2063.jpg,Airplane
image2150.jpg,Jacket
image4625.jpg,Miscellaneous
image3032.jpg,Miscellaneous
image7755.jpg,Snowman
image8015.jpg,Miscellaneous
image4359.jpg,Miscellaneous
image3226.jpg,Candle
image1254.jpg,Jacket
image4193.jpg,Jacket
image5525.jpg,Miscellaneous
image1362.jpg,Miscellaneous
image6463.jpg,Jacket
image2630.jpg,Miscellaneous
image3124.jpg,Miscellaneous
image5970.jpg,Miscellaneous
image3186.jpg,Jacket
image4054.jpg,Miscellaneous
image7582.jpg,Jacket
image9292.jpg,Christmas_Tree
image8515.jpg,Miscellaneous
image3793.jpg,Jacket
image6996.jpg,Snowman
image8403.jpg,Candle
image2298.jpg,Jacket
image1833.jpg,Miscellaneous
image519.jpg,Christmas_Tree
image4788.jpg,Jacket
image1048.jpg,Miscellaneous
image333.jpg,Miscellaneous
image6675.jpg,Miscellaneous
image9928.jpg,Jacket
image8753.jpg,Airplane
image7896.jpg,Christmas_Tree
image2164.jpg,Snowman
image2227.jpg,Christmas_Tree
image9718.jpg,Miscellaneous
image9386.jpg,Miscellaneous
image7493.jpg,Christmas_Tree
image3771.jpg,Miscellaneous
image6661.jpg,Miscellaneous
image1466.jpg,Jacket
image8363.jpg,Christmas_Tree
image8648.jpg,Christmas_Tree
image6295.jpg,Miscellaneous
image8858.jpg,Christmas_Tree
image3565.jpg,Miscellaneous
image8869.jpg,Miscellaneous
image4009.jpg,Christmas_Tree
image3316.jpg,Miscellaneous
image8472.jpg,Miscellaneous
image9484.jpg,Jacket
image6681.jpg,Christmas_Tree
image7570.jpg,Miscellaneous
image5511.jpg,Jacket
image2581.jpg,Miscellaneous
image2256.jpg,Miscellaneous
image8088.jpg,Christmas_Tree
image2293.jpg,Miscellaneous
image8606.jpg,Christmas_Tree
image3697.jpg,Miscellaneous
image6264.jpg,Miscellaneous
image1062.jpg,Jacket
image6806.jpg,Candle
image8159.jpg,Jacket
image9953.jpg,Christmas_Tree
image5327.jpg,Airplane
image5640.jpg,Snowman
image7879.jpg,Airplane
image4532.jpg,Miscellaneous
image8859.jpg,Miscellaneous
image148.jpg,Miscellaneous
image6937.jpg,Miscellaneous
image3908.jpg,Jacket
image6932.jpg,Miscellaneous
image2107.jpg,Airplane
image1983.jpg,Miscellaneous
image3647.jpg,Christmas_Tree
image9631.jpg,Christmas_Tree
image5662.jpg,Miscellaneous
image7102.jpg,Airplane
image253.jpg,Christmas_Tree
image1841.jpg,Christmas_Tree
image2866.jpg,Miscellaneous
image4736.jpg,Miscellaneous
image1459.jpg,Candle
image1747.jpg,Christmas_Tree
image362.jpg,Christmas_Tree
image2665.jpg,Miscellaneous
image7056.jpg,Christmas_Tree
image1078.jpg,Candle
image8268.jpg,Miscellaneous
image45.jpg,Miscellaneous
image4336.jpg,Miscellaneous
image304.jpg,Christmas_Tree
image3329.jpg,Miscellaneous
image7873.jpg,Airplane
image3074.jpg,Miscellaneous
image1013.jpg,Jacket
image4452.jpg,Snowman
image6995.jpg,Candle
image8957.jpg,Airplane
image9451.jpg,Christmas_Tree
image4952.jpg,Christmas_Tree
image3736.jpg,Jacket
image6838.jpg,Candle
image8888.jpg,Christmas_Tree
image5254.jpg,Airplane
image1127.jpg,Jacket
image5317.jpg,Airplane
image2123.jpg,Jacket
image505.jpg,Miscellaneous
image7691.jpg,Jacket
image8923.jpg,Miscellaneous
image5323.jpg,Miscellaneous
image6393.jpg,Airplane
image1555.jpg,Christmas_Tree
image9462.jpg,Airplane
image1614.jpg,Snowman
image5748.jpg,Miscellaneous
image1791.jpg,Christmas_Tree
image5520.jpg,Miscellaneous
image8557.jpg,Christmas_Tree
image1142.jpg,Christmas_Tree
image5486.jpg,Airplane
image6314.jpg,Candle
image9507.jpg,Christmas_Tree
image6150.jpg,Christmas_Tree
image6432.jpg,Christmas_Tree
image8492.jpg,Christmas_Tree
image3582.jpg,Candle
image7278.jpg,Christmas_Tree
image35.jpg,Jacket
image3462.jpg,Jacket
image5627.jpg,Miscellaneous
image113.jpg,Miscellaneous
image8149.jpg,Miscellaneous
image7895.jpg,Candle
image1139.jpg,Miscellaneous
image7484.jpg,Candle
image1462.jpg,Miscellaneous
image2510.jpg,Christmas_Tree
image1272.jpg,Christmas_Tree
image3111.jpg,Jacket
image3541.jpg,Miscellaneous
image1273.jpg,Miscellaneous
image214.jpg,Miscellaneous
image6632.jpg,Miscellaneous
image7045.jpg,Miscellaneous
image222.jpg,Christmas_Tree
image1259.jpg,Miscellaneous
image1265.jpg,Miscellaneous
image4597.jpg,Christmas_Tree
image3630.jpg,Candle
image3058.jpg,Christmas_Tree
image5900.jpg,Candle
image8691.jpg,Miscellaneous
image3922.jpg,Christmas_Tree
image2573.jpg,Miscellaneous
image1965.jpg,Miscellaneous
image6336.jpg,Miscellaneous
image2753.jpg,Christmas_Tree
image9433.jpg,Miscellaneous
image6280.jpg,Miscellaneous
image6319.jpg,Miscellaneous
image8839.jpg,Miscellaneous
image5629.jpg,Miscellaneous
image6508.jpg,Christmas_Tree
image6072.jpg,Christmas_Tree
image5108.jpg,Snowman
image5464.jpg,Miscellaneous
image7715.jpg,Christmas_Tree
image8900.jpg,Airplane
image3723.jpg,Candle
image8949.jpg,Miscellaneous
image2855.jpg,Christmas_Tree
image3592.jpg,Snowman
image246.jpg,Miscellaneous
image2869.jpg,Miscellaneous
image5596.jpg,Christmas_Tree
image9912.jpg,Airplane
image5366.jpg,Snowman
image7679.jpg,Christmas_Tree
image3153.jpg,Christmas_Tree
image5277.jpg,Christmas_Tree
image6585.jpg,Airplane
image2497.jpg,Jacket
image6320.jpg,Christmas_Tree
image6772.jpg,Miscellaneous
image6930.jpg,Airplane
image3203.jpg,Snowman
image2619.jpg,Christmas_Tree
image7234.jpg,Airplane
image127.jpg,Miscellaneous
image6076.jpg,Miscellaneous
image3970.jpg,Miscellaneous
image4945.jpg,Snowman
image1601.jpg,Miscellaneous
image7153.jpg,Airplane
image9347.jpg,Miscellaneous
image4547.jpg,Christmas_Tree
image6489.jpg,Miscellaneous
image1177.jpg,Airplane
image2127.jpg,Miscellaneous
image2301.jpg,Christmas_Tree
image2218.jpg,Miscellaneous
image2061.jpg,Candle
image7265.jpg,Jacket
image8554.jpg,Airplane
image959.jpg,Jacket
image2003.jpg,Airplane
image2337.jpg,Miscellaneous
image6710.jpg,Candle
image4446.jpg,Snowman
image647.jpg,Miscellaneous
image2233.jpg,Miscellaneous
image3991.jpg,Miscellaneous
image9098.jpg,Christmas_Tree
image6514.jpg,Candle
image8633.jpg,Snowman
image5503.jpg,Christmas_Tree
image425.jpg,Christmas_Tree
image7988.jpg,Christmas_Tree
image5471.jpg,Christmas_Tree
image9436.jpg,Christmas_Tree
image9187.jpg,Miscellaneous
image2304.jpg,Christmas_Tree
image3496.jpg,Candle
image3879.jpg,Miscellaneous
image8474.jpg,Airplane
image5427.jpg,Miscellaneous
image357.jpg,Airplane
image3644.jpg,Christmas_Tree
image1932.jpg,Miscellaneous
image6119.jpg,Snowman
image6598.jpg,Miscellaneous
image5482.jpg,Jacket
image5717.jpg,Miscellaneous
image4278.jpg,Miscellaneous
image563.jpg,Candle
image5359.jpg,Jacket
image2399.jpg,Jacket
image1059.jpg,Miscellaneous
image2196.jpg,Miscellaneous
image2358.jpg,Candle
image5024.jpg,Miscellaneous
image8235.jpg,Christmas_Tree
image2770.jpg,Snowman
image8751.jpg,Snowman
image6523.jpg,Candle
image7414.jpg,Miscellaneous
image5586.jpg,Candle
image6152.jpg,Miscellaneous
image7066.jpg,Miscellaneous
image831.jpg,Christmas_Tree
image2605.jpg,Miscellaneous
image7783.jpg,Jacket
image1913.jpg,Christmas_Tree
image3971.jpg,Miscellaneous
image5559.jpg,Miscellaneous
image995.jpg,Miscellaneous
image4964.jpg,Christmas_Tree
image1617.jpg,Jacket
image3983.jpg,Christmas_Tree
image1289.jpg,Airplane
image3564.jpg,Miscellaneous
image3786.jpg,Christmas_Tree
image9051.jpg,Christmas_Tree
image1095.jpg,Miscellaneous
image1822.jpg,Miscellaneous
image2039.jpg,Christmas_Tree
image9673.jpg,Miscellaneous
image3440.jpg,Miscellaneous
image2413.jpg,Miscellaneous
image2815.jpg,Candle
image30.jpg,Christmas_Tree
image2720.jpg,Airplane
image3938.jpg,Jacket
image8307.jpg,Candle
image1523.jpg,Christmas_Tree
image4842.jpg,Miscellaneous
image2844.jpg,Christmas_Tree
image6687.jpg,Christmas_Tree
image6051.jpg,Miscellaneous
image686.jpg,Jacket
image3914.jpg,Candle
image9602.jpg,Miscellaneous
image7109.jpg,Miscellaneous
image3657.jpg,Candle
image741.jpg,Christmas_Tree
image8336.jpg,Miscellaneous
image979.jpg,Miscellaneous
image2687.jpg,Miscellaneous
image5537.jpg,Miscellaneous
image9530.jpg,Miscellaneous
image531.jpg,Airplane
image8304.jpg,Airplane
image5839.jpg,Miscellaneous
image1125.jpg,Miscellaneous
image4212.jpg,Miscellaneous
image1960.jpg,Christmas_Tree
image6818.jpg,Christmas_Tree
image1527.jpg,Miscellaneous
image1906.jpg,Snowman
image9146.jpg,Candle
image6246.jpg,Christmas_Tree
image9750.jpg,Christmas_Tree
image867.jpg,Airplane
image4438.jpg,Snowman
image2246.jpg,Miscellaneous
image2610.jpg,Christmas_Tree
image5373.jpg,Candle
image6768.jpg,Christmas_Tree
image2928.jpg,Snowman
image6644.jpg,Miscellaneous
image7681.jpg,Miscellaneous
image5864.jpg,Candle
image3192.jpg,Candle
image3457.jpg,Christmas_Tree
image6542.jpg,Miscellaneous
image444.jpg,Miscellaneous
image4257.jpg,Miscellaneous
image2754.jpg,Miscellaneous
image1824.jpg,Airplane
image4583.jpg,Miscellaneous
image6716.jpg,Christmas_Tree
image7894.jpg,Miscellaneous
image3588.jpg,Christmas_Tree
image7222.jpg,Christmas_Tree
image987.jpg,Miscellaneous
image7184.jpg,Miscellaneous
image3099.jpg,Miscellaneous
image2351.jpg,Snowman
image5580.jpg,Miscellaneous
image1385.jpg,Jacket
image1711.jpg,Christmas_Tree
image3831.jpg,Miscellaneous
image6300.jpg,Airplane
image4426.jpg,Miscellaneous
image1558.jpg,Christmas_Tree
image2628.jpg,Snowman
image8151.jpg,Christmas_Tree
image4082.jpg,Candle
image582.jpg,Jacket
image398.jpg,Jacket
image6484.jpg,Jacket
image4858.jpg,Miscellaneous
image7938.jpg,Miscellaneous
image3852.jpg,Christmas_Tree
image7967.jpg,Miscellaneous
image5458.jpg,Miscellaneous
image2162.jpg,Airplane
image6749.jpg,Miscellaneous
image7761.jpg,Airplane
image2886.jpg,Miscellaneous
image2195.jpg,Christmas_Tree
image9640.jpg,Miscellaneous
image9059.jpg,Miscellaneous
image597.jpg,Miscellaneous
image7213.jpg,Candle
image1861.jpg,Miscellaneous
image626.jpg,Snowman
image5922.jpg,Candle
image837.jpg,Snowman
image2057.jpg,Christmas_Tree
image228.jpg,Miscellaneous
image701.jpg,Christmas_Tree
image225.jpg,Jacket
image6067.jpg,Miscellaneous
image9084.jpg,Miscellaneous
image289.jpg,Airplane
image2270.jpg,Christmas_Tree
image6064.jpg,Miscellaneous
image6730.jpg,Christmas_Tree
image12.jpg,Miscellaneous
image7175.jpg,Airplane
image1298.jpg,Miscellaneous
image4498.jpg,Christmas_Tree
image8681.jpg,Christmas_Tree
image4018.jpg,Miscellaneous
image6141.jpg,Candle
image1978.jpg,Christmas_Tree
image6199.jpg,Miscellaneous
image176.jpg,Jacket
image2499.jpg,Candle
image27.jpg,Candle
image7722.jpg,Miscellaneous
image5719.jpg,Christmas_Tree
image1188.jpg,Miscellaneous
image33.jpg,Airplane
image507.jpg,Miscellaneous
image5026.jpg,Miscellaneous
image8045.jpg,Candle
image3097.jpg,Miscellaneous
image474.jpg,Christmas_Tree
image6808.jpg,Christmas_Tree
image4529.jpg,Miscellaneous
image5707.jpg,Miscellaneous
image7441.jpg,Christmas_Tree
image4255.jpg,Airplane
image8842.jpg,Christmas_Tree
image553.jpg,Airplane
image137.jpg,Candle
image8707.jpg,Airplane
image1371.jpg,Miscellaneous
image2012.jpg,Christmas_Tree
image1181.jpg,Miscellaneous
image9702.jpg,Candle
image4689.jpg,Airplane
image8618.jpg,Jacket
image5081.jpg,Miscellaneous
image7365.jpg,Miscellaneous
image6907.jpg,Miscellaneous
image4639.jpg,Miscellaneous
image2872.jpg,Miscellaneous
image9141.jpg,Christmas_Tree
image2611.jpg,Miscellaneous
image9125.jpg,Christmas_Tree
image7279.jpg,Snowman
image4481.jpg,Miscellaneous
image3054.jpg,Miscellaneous
image2011.jpg,Jacket
image9417.jpg,Miscellaneous
image818.jpg,Airplane
image925.jpg,Miscellaneous
image2193.jpg,Miscellaneous
image9149.jpg,Jacket
image1061.jpg,Candle
image5394.jpg,Miscellaneous
image8392.jpg,Miscellaneous
image6839.jpg,Christmas_Tree
image217.jpg,Christmas_Tree
image5593.jpg,Jacket
image871.jpg,Miscellaneous
image760.jpg,Miscellaneous
image5877.jpg,Miscellaneous
image3430.jpg,Miscellaneous
image3223.jpg,Miscellaneous
image4822.jpg,Christmas_Tree
image9745.jpg,Candle
image6865.jpg,Airplane
image1534.jpg,Miscellaneous
image312.jpg,Jacket
image3611.jpg,Miscellaneous
image3259.jpg,Miscellaneous
image3441.jpg,Miscellaneous
image6178.jpg,Airplane
image4160.jpg,Jacket
image5354.jpg,Miscellaneous
image4941.jpg,Miscellaneous
image559.jpg,Christmas_Tree
image7851.jpg,Miscellaneous
image6587.jpg,Christmas_Tree
image3082.jpg,Jacket
image9519.jpg,Christmas_Tree
image8355.jpg,Christmas_Tree
image4867.jpg,Christmas_Tree
image3040.jpg,Jacket
image1529.jpg,Miscellaneous
image5189.jpg,Miscellaneous
image7975.jpg,Airplane
image1510.jpg,Miscellaneous
image8536.jpg,Miscellaneous
image8538.jpg,Miscellaneous
image1890.jpg,Miscellaneous
image9285.jpg,Jacket
image3213.jpg,Candle
image3301.jpg,Miscellaneous
image712.jpg,Jacket
image2345.jpg,Christmas_Tree
image5240.jpg,Christmas_Tree
image9512.jpg,Airplane
image4926.jpg,Candle
image967.jpg,Candle
image2326.jpg,Miscellaneous
image5363.jpg,Miscellaneous
image8370.jpg,Miscellaneous
image7667.jpg,Miscellaneous
image9798.jpg,Miscellaneous
image4138.jpg,Miscellaneous
image1422.jpg,Candle
image4535.jpg,Miscellaneous
image7576.jpg,Christmas_Tree
image4340.jpg,Miscellaneous
image9668.jpg,Miscellaneous
image3646.jpg,Jacket
image9183.jpg,Christmas_Tree
image6478.jpg,Jacket
image7055.jpg,Christmas_Tree
image5685.jpg,Christmas_Tree
image6953.jpg,Christmas_Tree
image5345.jpg,Miscellaneous
image6913.jpg,Miscellaneous
image2603.jpg,Miscellaneous
image4196.jpg,Candle
image7901.jpg,Miscellaneous
image1633.jpg,Miscellaneous
image5504.jpg,Miscellaneous
image5673.jpg,Airplane
image9162.jpg,Miscellaneous
image6385.jpg,Candle
image8137.jpg,Christmas_Tree
image731.jpg,Snowman
image4522.jpg,Candle
image3478.jpg,Miscellaneous
image569.jpg,Miscellaneous
image6616.jpg,Miscellaneous
image4518.jpg,Candle
image1035.jpg,Jacket
image9434.jpg,Christmas_Tree
image5404.jpg,Snowman
image7216.jpg,Jacket
image8050.jpg,Miscellaneous
image8669.jpg,Miscellaneous
image2939.jpg,Jacket
image1886.jpg,Snowman
image2673.jpg,Christmas_Tree
image2929.jpg,Christmas_Tree
image723.jpg,Miscellaneous
image4373.jpg,Miscellaneous
image5943.jpg,Miscellaneous
image7043.jpg,Christmas_Tree
image4730.jpg,Christmas_Tree
image502.jpg,Candle
image2386.jpg,Miscellaneous
image6075.jpg,Christmas_Tree
image8712.jpg,Snowman
image5271.jpg,Jacket
image2966.jpg,Snowman
image9898.jpg,Jacket
image6304.jpg,Christmas_Tree
image1361.jpg,Miscellaneous
image3285.jpg,Miscellaneous
image7892.jpg,Miscellaneous
image9560.jpg,Jacket
image1093.jpg,Miscellaneous
image523.jpg,Miscellaneous
image6251.jpg,Christmas_Tree
image8798.jpg,Jacket
image5846.jpg,Miscellaneous
image6170.jpg,Miscellaneous
image3718.jpg,Jacket
image789.jpg,Candle
image8645.jpg,Miscellaneous
image1916.jpg,Miscellaneous
image5827.jpg,Christmas_Tree
image8507.jpg,Miscellaneous
image737.jpg,Miscellaneous
image4542.jpg,Christmas_Tree
image6758.jpg,Miscellaneous
image3421.jpg,Christmas_Tree
image9656.jpg,Miscellaneous
image2892.jpg,Miscellaneous
image4514.jpg,Miscellaneous
image2992.jpg,Snowman
image1355.jpg,Miscellaneous
image2103.jpg,Christmas_Tree
image1404.jpg,Miscellaneous
image2727.jpg,Miscellaneous
image2505.jpg,Christmas_Tree
image7721.jpg,Candle
image6827.jpg,Miscellaneous
image5524.jpg,Jacket
image142.jpg,Miscellaneous
image429.jpg,Miscellaneous
image2726.jpg,Christmas_Tree
image9834.jpg,Miscellaneous
image2192.jpg,Miscellaneous
image4243.jpg,Miscellaneous
image7138.jpg,Miscellaneous
image5343.jpg,Miscellaneous
image6352.jpg,Miscellaneous
image1320.jpg,Miscellaneous
image5031.jpg,Christmas_Tree
image6231.jpg,Miscellaneous
image1637.jpg,Christmas_Tree
image5600.jpg,Airplane
image3807.jpg,Christmas_Tree
image4226.jpg,Miscellaneous
image8628.jpg,Jacket
image9567.jpg,Miscellaneous
image7683.jpg,Christmas_Tree
image738.jpg,Miscellaneous
image4804.jpg,Christmas_Tree
image4150.jpg,Jacket
image5609.jpg,Miscellaneous
image7605.jpg,Christmas_Tree
image187.jpg,Christmas_Tree
image2983.jpg,Christmas_Tree
image1052.jpg,Airplane
image6337.jpg,Snowman
image4230.jpg,Christmas_Tree
image6171.jpg,Miscellaneous
image6212.jpg,Airplane
image6559.jpg,Christmas_Tree
image7656.jpg,Airplane
image5256.jpg,Christmas_Tree
image4854.jpg,Snowman
image4369.jpg,Miscellaneous
image9217.jpg,Miscellaneous
image2327.jpg,Miscellaneous
image5105.jpg,Airplane
image6010.jpg,Candle
image6008.jpg,Christmas_Tree
image1773.jpg,Miscellaneous
image3390.jpg,Airplane
image5303.jpg,Christmas_Tree
image2922.jpg,Jacket
image9110.jpg,Jacket
image6057.jpg,Miscellaneous
image5130.jpg,Candle
image4381.jpg,Miscellaneous
image747.jpg,Miscellaneous
image8290.jpg,Miscellaneous
image1087.jpg,Jacket
image4704.jpg,Miscellaneous
image6349.jpg,Airplane
image9270.jpg,Christmas_Tree
image3118.jpg,Miscellaneous
image5974.jpg,Jacket
image1473.jpg,Miscellaneous
image8565.jpg,Miscellaneous
image4400.jpg,Christmas_Tree
image3941.jpg,Candle
image4866.jpg,Miscellaneous
image6065.jpg,Christmas_Tree
image6697.jpg,Christmas_Tree
image6589.jpg,Christmas_Tree
image8854.jpg,Christmas_Tree
image1040.jpg,Jacket
image2180.jpg,Airplane
image5722.jpg,Candle
image8657.jpg,Airplane
image1605.jpg,Miscellaneous
image592.jpg,Jacket
image1399.jpg,Miscellaneous
image3025.jpg,Miscellaneous
image3484.jpg,Miscellaneous
image9500.jpg,Christmas_Tree
image4683.jpg,Miscellaneous
image4070.jpg,Snowman
image8523.jpg,Christmas_Tree
image8815.jpg,Miscellaneous
image8479.jpg,Christmas_Tree
image6580.jpg,Miscellaneous
image2614.jpg,Airplane
image9960.jpg,Candle
image7390.jpg,Miscellaneous
image7297.jpg,Christmas_Tree
image6919.jpg,Miscellaneous
image3165.jpg,Christmas_Tree
image2891.jpg,Miscellaneous
image2176.jpg,Miscellaneous
image8558.jpg,Miscellaneous
image7084.jpg,Miscellaneous
image2215.jpg,Miscellaneous
image2329.jpg,Miscellaneous
image5913.jpg,Airplane
image6714.jpg,Candle
image8296.jpg,Miscellaneous
image927.jpg,Christmas_Tree
image8675.jpg,Jacket
image5945.jpg,Christmas_Tree
image3756.jpg,Christmas_Tree
image7711.jpg,Miscellaneous
image6452.jpg,Miscellaneous
image7661.jpg,Jacket
image5760.jpg,Miscellaneous
image7287.jpg,Airplane
image1516.jpg,Airplane
image4322.jpg,Miscellaneous
image1173.jpg,Candle
image2161.jpg,Christmas_Tree
image1043.jpg,Miscellaneous
image8883.jpg,Miscellaneous
image2247.jpg,Christmas_Tree
image5269.jpg,Miscellaneous
image5545.jpg,Miscellaneous
image5126.jpg,Candle
image733.jpg,Jacket
image3954.jpg,Miscellaneous
image5896.jpg,Christmas_Tree
image4188.jpg,Airplane
image5326.jpg,Christmas_Tree
image4108.jpg,Candle
image8006.jpg,Miscellaneous
image2682.jpg,Miscellaneous
image105.jpg,Airplane
image3645.jpg,Christmas_Tree
image292.jpg,Miscellaneous
image2666.jpg,Miscellaneous
image3961.jpg,Airplane
image1934.jpg,Snowman
image8907.jpg,Airplane
image2388.jpg,Miscellaneous
image6877.jpg,Miscellaneous
image1621.jpg,Candle
image1063.jpg,Christmas_Tree
image1547.jpg,Christmas_Tree
image1968.jpg,Christmas_Tree
image2896.jpg,Christmas_Tree
image7446.jpg,Miscellaneous
image2349.jpg,Miscellaneous
image5304.jpg,Miscellaneous
image4898.jpg,Christmas_Tree
image7654.jpg,Airplane
image8449.jpg,Jacket
image2973.jpg,Christmas_Tree
image3996.jpg,Miscellaneous
image2034.jpg,Jacket
image1697.jpg,Miscellaneous
image9524.jpg,Jacket
image2014.jpg,Christmas_Tree
image5356.jpg,Candle
image7480.jpg,Miscellaneous
image2588.jpg,Miscellaneous
image182.jpg,Miscellaneous
image4055.jpg,Miscellaneous
image8172.jpg,Christmas_Tree
image520.jpg,Snowman
image6435.jpg,Christmas_Tree
image9007.jpg,Miscellaneous
image9006.jpg,Miscellaneous
image1894.jpg,Christmas_Tree
image6944.jpg,Miscellaneous
image2676.jpg,Christmas_Tree
image8829.jpg,Miscellaneous
image6986.jpg,Miscellaneous
image5715.jpg,Miscellaneous
image9266.jpg,Miscellaneous
image508.jpg,Miscellaneous
image4391.jpg,Christmas_Tree
image8668.jpg,Miscellaneous
image5914.jpg,Christmas_Tree
image2006.jpg,Christmas_Tree
image5401.jpg,Christmas_Tree
image4760.jpg,Miscellaneous
image3342.jpg,Christmas_Tree
image8950.jpg,Miscellaneous
image2912.jpg,Christmas_Tree
image3677.jpg,Christmas_Tree
image5270.jpg,Miscellaneous
image5710.jpg,Christmas_Tree
image153.jpg,Christmas_Tree
image5684.jpg,Christmas_Tree
image8723.jpg,Candle
image6746.jpg,Miscellaneous
image4713.jpg,Jacket
image6275.jpg,Jacket
image7940.jpg,Christmas_Tree
image9499.jpg,Miscellaneous
image669.jpg,Christmas_Tree
image5106.jpg,Miscellaneous
image5653.jpg,Jacket
image5296.jpg,Airplane
image1843.jpg,Jacket
image8587.jpg,Snowman
image9535.jpg,Miscellaneous
image4254.jpg,Miscellaneous
image3519.jpg,Miscellaneous
image9662.jpg,Miscellaneous
image4187.jpg,Miscellaneous
image8239.jpg,Miscellaneous
image4201.jpg,Miscellaneous
image4646.jpg,Jacket
image9532.jpg,Airplane
image8990.jpg,Christmas_Tree
image6147.jpg,Miscellaneous
image6104.jpg,Airplane
image6672.jpg,Christmas_Tree
image9116.jpg,Miscellaneous
image5621.jpg,Miscellaneous
image2343.jpg,Miscellaneous
image9063.jpg,Christmas_Tree
image6153.jpg,Miscellaneous
image404.jpg,Miscellaneous
image4287.jpg,Christmas_Tree
image3707.jpg,Miscellaneous
image4626.jpg,Miscellaneous
image6782.jpg,Airplane
image784.jpg,Christmas_Tree
image7349.jpg,Candle
image3169.jpg,Candle
image9315.jpg,Christmas_Tree
image2421.jpg,Christmas_Tree
image7479.jpg,Airplane
image9617.jpg,Miscellaneous
image5796.jpg,Christmas_Tree
image480.jpg,Miscellaneous
image691.jpg,Christmas_Tree
image3403.jpg,Airplane
image4067.jpg,Miscellaneous
image8904.jpg,Miscellaneous
image2616.jpg,Christmas_Tree
image8903.jpg,Christmas_Tree
image1233.jpg,Airplane
image3425.jpg,Christmas_Tree
image3385.jpg,Christmas_Tree
image9901.jpg,Miscellaneous
image8295.jpg,Miscellaneous
image988.jpg,Miscellaneous
image3968.jpg,Christmas_Tree
image1902.jpg,Snowman
image8168.jpg,Christmas_Tree
image2712.jpg,Airplane
image6021.jpg,Miscellaneous
image3341.jpg,Christmas_Tree
image387.jpg,Christmas_Tree
image7893.jpg,Airplane
image9329.jpg,Christmas_Tree
image5521.jpg,Miscellaneous
image2863.jpg,Miscellaneous
image248.jpg,Miscellaneous
image5368.jpg,Candle
image693.jpg,Miscellaneous
image5905.jpg,Miscellaneous
image5095.jpg,Christmas_Tree
image724.jpg,Jacket
image3245.jpg,Miscellaneous
image9951.jpg,Miscellaneous
image3127.jpg,Jacket
image9516.jpg,Candle
image8898.jpg,Airplane
image3495.jpg,Miscellaneous
image9554.jpg,Miscellaneous
image7653.jpg,Christmas_Tree
image8300.jpg,Miscellaneous
image6927.jpg,Jacket
image7332.jpg,Snowman
image5377.jpg,Miscellaneous
image633.jpg,Airplane
image5434.jpg,Miscellaneous
image7550.jpg,Jacket
image1737.jpg,Miscellaneous
image7180.jpg,Miscellaneous
image2716.jpg,Miscellaneous
image5786.jpg,Christmas_Tree
image683.jpg,Miscellaneous
image9201.jpg,Christmas_Tree
image6354.jpg,Candle
image5585.jpg,Jacket
image9947.jpg,Miscellaneous
image3244.jpg,Miscellaneous
image196.jpg,Snowman
image615.jpg,Christmas_Tree
image8101.jpg,Jacket
image3229.jpg,Miscellaneous
image6053.jpg,Christmas_Tree
image9211.jpg,Christmas_Tree
image5810.jpg,Candle
image5663.jpg,Miscellaneous
image685.jpg,Miscellaneous
image585.jpg,Christmas_Tree
image3326.jpg,Miscellaneous
image5802.jpg,Miscellaneous
image7883.jpg,Airplane
image9317.jpg,Miscellaneous
image2464.jpg,Candle
image3470.jpg,Christmas_Tree
image7044.jpg,Miscellaneous
image5764.jpg,Christmas_Tree
image7405.jpg,Candle
image7794.jpg,Christmas_Tree
image2849.jpg,Jacket
image6210.jpg,Snowman
image2068.jpg,Miscellaneous
image6669.jpg,Miscellaneous
image2975.jpg,Miscellaneous
image9174.jpg,Christmas_Tree
image6987.jpg,Miscellaneous
image9028.jpg,Jacket
image5430.jpg,Christmas_Tree
image4555.jpg,Miscellaneous
image2417.jpg,Jacket
image345.jpg,Snowman
image386.jpg,Miscellaneous
image3188.jpg,Miscellaneous
image2532.jpg,Snowman
image690.jpg,Miscellaneous
image9878.jpg,Airplane
image5040.jpg,Miscellaneous
image313.jpg,Candle
image3847.jpg,Christmas_Tree
image4659.jpg,Jacket
image9832.jpg,Miscellaneous
image4180.jpg,Christmas_Tree
image2153.jpg,Miscellaneous
image4034.jpg,Christmas_Tree
image1729.jpg,Candle
image9830.jpg,Miscellaneous
image255.jpg,Miscellaneous
image1935.jpg,Miscellaneous
image8147.jpg,Snowman
image9846.jpg,Miscellaneous
image9376.jpg,Airplane
image6976.jpg,Miscellaneous
image1126.jpg,Miscellaneous
image4934.jpg,Miscellaneous
image8238.jpg,Jacket
image5374.jpg,Miscellaneous
image6665.jpg,Christmas_Tree
image5644.jpg,Christmas_Tree
image2232.jpg,Miscellaneous
image9398.jpg,Miscellaneous
image3302.jpg,Candle
image601.jpg,Jacket
image6720.jpg,Airplane
image8306.jpg,Miscellaneous
image6365.jpg,Miscellaneous
image8176.jpg,Miscellaneous
image2562.jpg,Miscellaneous
image9470.jpg,Miscellaneous
image9853.jpg,Snowman
image8284.jpg,Christmas_Tree
image5857.jpg,Miscellaneous
image7144.jpg,Christmas_Tree
image864.jpg,Miscellaneous
image7803.jpg,Candle
image8770.jpg,Miscellaneous
image1029.jpg,Christmas_Tree
image9038.jpg,Candle
image4272.jpg,Miscellaneous
image2827.jpg,Snowman
image7598.jpg,Jacket
image280.jpg,Miscellaneous
image7111.jpg,Miscellaneous
image8810.jpg,Miscellaneous
image6702.jpg,Miscellaneous
image9373.jpg,Christmas_Tree
image4405.jpg,Christmas_Tree
image423.jpg,Christmas_Tree
image8987.jpg,Candle
image2360.jpg,Snowman
image180.jpg,Jacket
image9790.jpg,Miscellaneous
image8989.jpg,Christmas_Tree
image1835.jpg,Airplane
image960.jpg,Candle
image5135.jpg,Snowman
image2305.jpg,Miscellaneous
image5287.jpg,Miscellaneous
image1439.jpg,Miscellaneous
image4523.jpg,Miscellaneous
image436.jpg,Miscellaneous
image364.jpg,Airplane
image786.jpg,Miscellaneous
image2306.jpg,Candle
image2515.jpg,Miscellaneous
image8905.jpg,Miscellaneous
image6291.jpg,Miscellaneous
image9166.jpg,Snowman
image8367.jpg,Candle
image6007.jpg,Christmas_Tree
image8754.jpg,Miscellaneous
image44.jpg,Miscellaneous
image1264.jpg,Snowman
image7291.jpg,Christmas_Tree
image9575.jpg,Miscellaneous
image1754.jpg,Miscellaneous
image8490.jpg,Miscellaneous
image66.jpg,Candle
image2833.jpg,Christmas_Tree
image1539.jpg,Christmas_Tree
image360.jpg,Miscellaneous
image6537.jpg,Miscellaneous
image25.jpg,Miscellaneous
image7650.jpg,Airplane
image227.jpg,Candle
image4931.jpg,Miscellaneous
image2171.jpg,Jacket
image5931.jpg,Miscellaneous
image580.jpg,Candle
image4198.jpg,Snowman
image4414.jpg,Jacket
image5961.jpg,Miscellaneous
image9298.jpg,Christmas_Tree
image3738.jpg,Miscellaneous
image9544.jpg,Miscellaneous
image7366.jpg,Christmas_Tree
image5382.jpg,Christmas_Tree
image9472.jpg,Airplane
image6852.jpg,Airplane
image9670.jpg,Christmas_Tree
image8943.jpg,Miscellaneous
image7472.jpg,Miscellaneous
image1672.jpg,Candle
image5258.jpg,Jacket
image3507.jpg,Snowman
image9608.jpg,Miscellaneous
image6763.jpg,Airplane
image992.jpg,Jacket
image7660.jpg,Miscellaneous
image6240.jpg,Candle
image370.jpg,Miscellaneous
image4611.jpg,Airplane
image5544.jpg,Christmas_Tree
image3469.jpg,Miscellaneous
image6290.jpg,Miscellaneous
image3702.jpg,Christmas_Tree
image9046.jpg,Miscellaneous
image192.jpg,Miscellaneous
image7639.jpg,Jacket
image969.jpg,Christmas_Tree
image5346.jpg,Christmas_Tree
image4311.jpg,Miscellaneous
image9140.jpg,Candle
image1488.jpg,Miscellaneous
image9523.jpg,Christmas_Tree
image2572.jpg,Airplane
image1410.jpg,Christmas_Tree
image2341.jpg,Miscellaneous
image8401.jpg,Airplane
image1230.jpg,Snowman
image3822.jpg,Miscellaneous
image3424.jpg,Candle
image740.jpg,Christmas_Tree
image4631.jpg,Miscellaneous
image9220.jpg,Miscellaneous
image9885.jpg,Christmas_Tree
image3235.jpg,Christmas_Tree
image8297.jpg,Christmas_Tree
image3546.jpg,Miscellaneous
image8263.jpg,Miscellaneous
image1282.jpg,Airplane
image6805.jpg,Miscellaneous
image4185.jpg,Miscellaneous
image4764.jpg,Jacket
image1263.jpg,Christmas_Tree
image2439.jpg,Christmas_Tree
image9606.jpg,Snowman
image8580.jpg,Candle
image1917.jpg,Christmas_Tree
image7698.jpg,Miscellaneous
image9607.jpg,Miscellaneous
image7334.jpg,Jacket
image8611.jpg,Miscellaneous
image9412.jpg,Christmas_Tree
image171.jpg,Christmas_Tree
image6179.jpg,Christmas_Tree
image2015.jpg,Christmas_Tree
image2903.jpg,Christmas_Tree
image3523.jpg,Miscellaneous
image1687.jpg,Jacket
image6711.jpg,Miscellaneous
image1484.jpg,Snowman
image1221.jpg,Candle
image3076.jpg,Miscellaneous
image1344.jpg,Candle
image59.jpg,Miscellaneous
image678.jpg,Candle
image739.jpg,Miscellaneous
image7842.jpg,Miscellaneous
image4332.jpg,Christmas_Tree
image3475.jpg,Jacket
image3436.jpg,Miscellaneous
image5165.jpg,Miscellaneous
image3143.jpg,Miscellaneous
image5179.jpg,Miscellaneous
image9552.jpg,Jacket
image7329.jpg,Christmas_Tree
image3084.jpg,Miscellaneous
image9286.jpg,Candle
image7855.jpg,Miscellaneous
image7673.jpg,Miscellaneous
image577.jpg,Miscellaneous
image8118.jpg,Jacket
image4580.jpg,Miscellaneous
image7358.jpg,Airplane
image5953.jpg,Airplane
image1502.jpg,Miscellaneous
image9427.jpg,Miscellaneous
image8775.jpg,Candle
image9209.jpg,Miscellaneous
image6198.jpg,Airplane
image5123.jpg,Miscellaneous
image6747.jpg,Jacket
image6641.jpg,Christmas_Tree
image9326.jpg,Christmas_Tree
image8849.jpg,Christmas_Tree
image7078.jpg,Christmas_Tree
image6474.jpg,Jacket
image575.jpg,Christmas_Tree
image1171.jpg,Candle
image4094.jpg,Christmas_Tree
image2817.jpg,Christmas_Tree
image2330.jpg,Christmas_Tree
image8109.jpg,Miscellaneous
image9072.jpg,Christmas_Tree
image2843.jpg,Jacket
image8608.jpg,Miscellaneous
image9565.jpg,Miscellaneous
image1944.jpg,Miscellaneous
image3770.jpg,Candle
image5419.jpg,Candle
image7997.jpg,Miscellaneous
image2905.jpg,Snowman
image3171.jpg,Miscellaneous
image472.jpg,Christmas_Tree
image7298.jpg,Christmas_Tree
image2200.jpg,Miscellaneous
image3569.jpg,Candle
image1570.jpg,Jacket
image7462.jpg,Christmas_Tree
image7473.jpg,Miscellaneous
image2056.jpg,Miscellaneous
image5472.jpg,Miscellaneous
image2384.jpg,Miscellaneous
image7417.jpg,Jacket
image1662.jpg,Airplane
image6459.jpg,Christmas_Tree
image4688.jpg,Airplane
image3539.jpg,Candle
image3973.jpg,Miscellaneous
image4589.jpg,Christmas_Tree
image6918.jpg,Christmas_Tree
image4365.jpg,Snowman
image2911.jpg,Airplane
image8856.jpg,Candle
image3456.jpg,Miscellaneous
image7924.jpg,Miscellaneous
image3395.jpg,Miscellaneous
image7952.jpg,Candle
image5425.jpg,Miscellaneous
image4104.jpg,Miscellaneous
image893.jpg,Airplane
image6815.jpg,Airplane
image7774.jpg,Jacket
image2857.jpg,Miscellaneous
image1987.jpg,Miscellaneous
image749.jpg,Miscellaneous
image4505.jpg,Miscellaneous
image9683.jpg,Christmas_Tree
image3550.jpg,Christmas_Tree
image2740.jpg,Christmas_Tree
image2052.jpg,Miscellaneous
image5901.jpg,Miscellaneous
image3340.jpg,Airplane
image5746.jpg,Airplane
image1279.jpg,Jacket
image7702.jpg,Christmas_Tree
image9279.jpg,Miscellaneous
image4497.jpg,Christmas_Tree
image8368.jpg,Miscellaneous
image5087.jpg,Miscellaneous
image8456.jpg,Miscellaneous
image8932.jpg,Christmas_Tree
image4308.jpg,Miscellaneous
image1452.jpg,Miscellaneous
image3746.jpg,Miscellaneous
image55.jpg,Christmas_Tree
image2175.jpg,Christmas_Tree
image7199.jpg,Jacket
image6068.jpg,Miscellaneous
image9083.jpg,Candle
image7674.jpg,Miscellaneous
image5247.jpg,Christmas_Tree
image4642.jpg,Christmas_Tree
image7198.jpg,Miscellaneous
image389.jpg,Snowman
image1783.jpg,Christmas_Tree
image4175.jpg,Candle
image4325.jpg,Miscellaneous
image8261.jpg,Snowman
image243.jpg,Snowman
image4740.jpg,Christmas_Tree
image2486.jpg,Miscellaneous
image6038.jpg,Miscellaneous
image8906.jpg,Airplane
image9861.jpg,Miscellaneous
image3243.jpg,Airplane
image1996.jpg,Christmas_Tree
image2002.jpg,Jacket
image8068.jpg,Snowman
image5407.jpg,Snowman
image4435.jpg,Miscellaneous
image7900.jpg,Miscellaneous
image1551.jpg,Miscellaneous
image4897.jpg,Candle
image5812.jpg,Christmas_Tree
image6781.jpg,Miscellaneous
image4027.jpg,Christmas_Tree
image9564.jpg,Candle
image4849.jpg,Miscellaneous
image1242.jpg,Airplane
image3896.jpg,Christmas_Tree
image4821.jpg,Airplane
image1406.jpg,Jacket
image3722.jpg,Miscellaneous
image1097.jpg,Jacket
image7086.jpg,Miscellaneous
image6871.jpg,Miscellaneous
image322.jpg,Miscellaneous
image3639.jpg,Jacket
image3466.jpg,Miscellaneous
image7905.jpg,Christmas_Tree
image6819.jpg,Miscellaneous
image9123.jpg,Miscellaneous
image9542.jpg,Christmas_Tree
image7209.jpg,Christmas_Tree
image3720.jpg,Miscellaneous
image8440.jpg,Miscellaneous
image5776.jpg,Christmas_Tree
image6618.jpg,Christmas_Tree
image8080.jpg,Snowman
image8662.jpg,Miscellaneous
image4609.jpg,Jacket
image8107.jpg,Jacket
image1562.jpg,Snowman
image2690.jpg,Miscellaneous
image3120.jpg,Miscellaneous
image5101.jpg,Miscellaneous
image2930.jpg,Airplane
image8857.jpg,Airplane
image6787.jpg,Candle
image4376.jpg,Candle
image5391.jpg,Miscellaneous
image4297.jpg,Christmas_Tree
image3323.jpg,Snowman
image3407.jpg,Christmas_Tree
image5631.jpg,Miscellaneous
image4181.jpg,Christmas_Tree
image1042.jpg,Jacket
image1778.jpg,Miscellaneous
image460.jpg,Candle
image9163.jpg,Miscellaneous
image9148.jpg,Christmas_Tree
image6895.jpg,Candle
image1622.jpg,Miscellaneous
image3854.jpg,Miscellaneous
image4954.jpg,Candle
image302.jpg,Miscellaneous
image2888.jpg,Snowman
image4309.jpg,Jacket
image596.jpg,Miscellaneous
image9042.jpg,Miscellaneous
image1030.jpg,Airplane
image5045.jpg,Miscellaneous
image2265.jpg,Jacket
image973.jpg,Miscellaneous
image9868.jpg,Candle
image6529.jpg,Miscellaneous
image9229.jpg,Candle
image4596.jpg,Miscellaneous
image4445.jpg,Miscellaneous
image9218.jpg,Candle
image4246.jpg,Miscellaneous
image7052.jpg,Christmas_Tree
image7350.jpg,Christmas_Tree
image9419.jpg,Miscellaneous
image4839.jpg,Airplane
image4602.jpg,Miscellaneous
image4476.jpg,Miscellaneous
image4903.jpg,Christmas_Tree
image1222.jpg,Miscellaneous
image2790.jpg,Airplane
image9144.jpg,Miscellaneous
image3911.jpg,Airplane
image97.jpg,Miscellaneous
image929.jpg,Miscellaneous
image3100.jpg,Christmas_Tree
image1429.jpg,Christmas_Tree
image2890.jpg,Miscellaneous
image5293.jpg,Miscellaneous
image9208.jpg,Christmas_Tree
image5891.jpg,Candle
image3344.jpg,Miscellaneous
image483.jpg,Christmas_Tree
image1337.jpg,Miscellaneous
image1709.jpg,Candle
image487.jpg,Christmas_Tree
image8048.jpg,Christmas_Tree
image4935.jpg,Candle
image74.jpg,Airplane
image1792.jpg,Christmas_Tree
image9510.jpg,Jacket
image4454.jpg,Miscellaneous
image6107.jpg,Miscellaneous
image213.jpg,Candle
image7196.jpg,Candle
image8650.jpg,Miscellaneous
image3749.jpg,Christmas_Tree
image8116.jpg,Snowman
image3803.jpg,Candle
image2786.jpg,Candle
image536.jpg,Candle
image2004.jpg,Airplane
image6797.jpg,Christmas_Tree
image5305.jpg,Snowman
image8578.jpg,Miscellaneous
image2143.jpg,Miscellaneous
image3377.jpg,Candle
image3286.jpg,Airplane
image7311.jpg,Miscellaneous
image3813.jpg,Christmas_Tree
image1560.jpg,Miscellaneous
image7787.jpg,Miscellaneous
image9579.jpg,Miscellaneous
image6855.jpg,Christmas_Tree
image3830.jpg,Jacket
image5769.jpg,Christmas_Tree
image6014.jpg,Airplane
image3899.jpg,Miscellaneous
image5781.jpg,Christmas_Tree
image2635.jpg,Christmas_Tree
image665.jpg,Jacket
image5445.jpg,Christmas_Tree
image3856.jpg,Christmas_Tree
image9388.jpg,Jacket
image6609.jpg,Airplane
image7075.jpg,Christmas_Tree
image6488.jpg,Jacket
image6795.jpg,Miscellaneous
image4453.jpg,Miscellaneous
image4442.jpg,Snowman
image5457.jpg,Christmas_Tree
image1564.jpg,Miscellaneous
image5977.jpg,Miscellaneous
image4911.jpg,Miscellaneous
image1121.jpg,Miscellaneous
image7444.jpg,Miscellaneous
image3678.jpg,Christmas_Tree
image2020.jpg,Miscellaneous
image7059.jpg,Jacket
image7053.jpg,Miscellaneous
image5668.jpg,Jacket
image2168.jpg,Christmas_Tree
image3933.jpg,Miscellaneous
image5879.jpg,Christmas_Tree
image2282.jpg,Jacket
image591.jpg,Miscellaneous
image3365.jpg,Miscellaneous
image1584.jpg,Miscellaneous
image49.jpg,Christmas_Tree
image3363.jpg,Jacket
image2181.jpg,Jacket
image7666.jpg,Miscellaneous
image8326.jpg,Jacket
image860.jpg,Miscellaneous
image8258.jpg,Miscellaneous
image4184.jpg,Miscellaneous
image8215.jpg,Miscellaneous
image3515.jpg,Miscellaneous
image9000.jpg,Christmas_Tree
image3534.jpg,Miscellaneous
image1801.jpg,Jacket
image3930.jpg,Miscellaneous
image262.jpg,Candle
image9251.jpg,Christmas_Tree
image6532.jpg,Miscellaneous
image7610.jpg,Miscellaneous
image8266.jpg,Christmas_Tree
image5674.jpg,Snowman
image5065.jpg,Miscellaneous
image2862.jpg,Christmas_Tree
image811.jpg,Miscellaneous
image1829.jpg,Airplane
image4726.jpg,Miscellaneous
image6725.jpg,Christmas_Tree
image4705.jpg,Miscellaneous
image2801.jpg,Christmas_Tree
image5167.jpg,Miscellaneous
image4388.jpg,Snowman
image3695.jpg,Christmas_Tree
image4134.jpg,Snowman
image2669.jpg,Miscellaneous
image3512.jpg,Snowman
image8756.jpg,Miscellaneous
image8142.jpg,Miscellaneous
image8927.jpg,Miscellaneous
image2545.jpg,Snowman
image6801.jpg,Miscellaneous
image9181.jpg,Candle
image8908.jpg,Christmas_Tree
image3737.jpg,Jacket
image3070.jpg,Candle
image4205.jpg,Christmas_Tree
image4092.jpg,Miscellaneous
image349.jpg,Snowman
image8013.jpg,Airplane
image6499.jpg,Miscellaneous
image1817.jpg,Christmas_Tree
image2620.jpg,Candle
image9231.jpg,Miscellaneous
image7723.jpg,Jacket
image1670.jpg,Jacket
image2479.jpg,Jacket
image5870.jpg,Jacket
image655.jpg,Jacket
image4662.jpg,Miscellaneous
image5316.jpg,Miscellaneous
image8836.jpg,Miscellaneous
image2756.jpg,Miscellaneous
image6966.jpg,Miscellaneous
image2908.jpg,Christmas_Tree
image8218.jpg,Jacket
image3053.jpg,Christmas_Tree
image6185.jpg,Christmas_Tree
image7423.jpg,Miscellaneous
image498.jpg,Snowman
image6973.jpg,Miscellaneous
image3925.jpg,Miscellaneous
image2660.jpg,Christmas_Tree
image5153.jpg,Candle
image7511.jpg,Christmas_Tree
image2087.jpg,Christmas_Tree
image3089.jpg,Miscellaneous
image1674.jpg,Christmas_Tree
image5462.jpg,Miscellaneous
image7585.jpg,Miscellaneous
image3883.jpg,Christmas_Tree
image1768.jpg,Miscellaneous
image1779.jpg,Miscellaneous
image7058.jpg,Christmas_Tree
image1842.jpg,Miscellaneous
image2997.jpg,Airplane
image7427.jpg,Jacket
image9403.jpg,Miscellaneous
image1220.jpg,Airplane
image1714.jpg,Miscellaneous
image6533.jpg,Jacket
image2771.jpg,Candle
image7476.jpg,Miscellaneous
image6682.jpg,Miscellaneous
image9881.jpg,Christmas_Tree
image5643.jpg,Miscellaneous
image8699.jpg,Christmas_Tree
image5246.jpg,Jacket
image844.jpg,Christmas_Tree
image2320.jpg,Miscellaneous
image9087.jpg,Miscellaneous
image7759.jpg,Miscellaneous
image4348.jpg,Christmas_Tree
image5927.jpg,Miscellaneous
image3357.jpg,Miscellaneous
image5530.jpg,Airplane
image440.jpg,Jacket
image2748.jpg,Miscellaneous
image8687.jpg,Jacket
image6000.jpg,Miscellaneous
image7621.jpg,Christmas_Tree
image4504.jpg,Miscellaneous
image324.jpg,Miscellaneous
image6090.jpg,Miscellaneous
image8185.jpg,Miscellaneous
image8347.jpg,Miscellaneous
image687.jpg,Miscellaneous
image6471.jpg,Miscellaneous
image6446.jpg,Miscellaneous
image6810.jpg,Miscellaneous
image3960.jpg,Miscellaneous
image7819.jpg,Miscellaneous
image2380.jpg,Miscellaneous
image8097.jpg,Miscellaneous
image2799.jpg,Miscellaneous
image2083.jpg,Miscellaneous
image9793.jpg,Miscellaneous
image7335.jpg,Miscellaneous
image6026.jpg,Miscellaneous
image3761.jpg,Miscellaneous
image7733.jpg,Miscellaneous
image4648.jpg,Miscellaneous
image3167.jpg,Miscellaneous
image5628.jpg,Miscellaneous
image7718.jpg,Miscellaneous
image9408.jpg,Candle
image9012.jpg,Miscellaneous
image108.jpg,Miscellaneous
image5561.jpg,Miscellaneous
image3001.jpg,Miscellaneous
image4575.jpg,Miscellaneous
image5226.jpg,Miscellaneous
image9609.jpg,Candle
image8582.jpg,Miscellaneous
image2840.jpg,Miscellaneous
image875.jpg,Miscellaneous
image3330.jpg,Miscellaneous
image9751.jpg,Miscellaneous
image8666.jpg,Miscellaneous
image2088.jpg,Miscellaneous
image7649.jpg,Miscellaneous
image2594.jpg,Miscellaneous
image4776.jpg,Jacket
image3932.jpg,Miscellaneous
image9719.jpg,Snowman
image9027.jpg,Miscellaneous
image6707.jpg,Miscellaneous
image2576.jpg,Miscellaneous
image9757.jpg,Miscellaneous
image7181.jpg,Miscellaneous
image4328.jpg,Miscellaneous
image7688.jpg,Jacket
image9124.jpg,Miscellaneous
image8823.jpg,Miscellaneous
image6143.jpg,Miscellaneous
image4465.jpg,Miscellaneous
image4807.jpg,Christmas_Tree
image7566.jpg,Miscellaneous
image8778.jpg,Miscellaneous
image2457.jpg,Miscellaneous
image3073.jpg,Miscellaneous
image2142.jpg,Miscellaneous
image7481.jpg,Airplane
image6125.jpg,Miscellaneous
image2732.jpg,Miscellaneous
image8183.jpg,Miscellaneous
image3962.jpg,Miscellaneous
image5049.jpg,Miscellaneous
image394.jpg,Miscellaneous
image1368.jpg,Miscellaneous
image6962.jpg,Miscellaneous
image94.jpg,Miscellaneous
image2081.jpg,Miscellaneous
image7958.jpg,Miscellaneous
image8847.jpg,Miscellaneous
image3501.jpg,Miscellaneous
image7032.jpg,Miscellaneous
image2571.jpg,Miscellaneous
image3974.jpg,Miscellaneous
image1889.jpg,Miscellaneous
image392.jpg,Miscellaneous
image6525.jpg,Miscellaneous
image7749.jpg,Miscellaneous
image9513.jpg,Miscellaneous
image5283.jpg,Miscellaneous
image5161.jpg,Miscellaneous
image636.jpg,Miscellaneous
image1019.jpg,Miscellaneous
image3638.jpg,Miscellaneous
image5194.jpg,Miscellaneous
image6617.jpg,Miscellaneous
image8219.jpg,Miscellaneous
image2648.jpg,Christmas_Tree
image9216.jpg,Miscellaneous
image5708.jpg,Miscellaneous
image6929.jpg,Miscellaneous
image2026.jpg,Miscellaneous
image3584.jpg,Miscellaneous
image2696.jpg,Miscellaneous
image3928.jpg,Miscellaneous
image9057.jpg,Miscellaneous
image8100.jpg,Miscellaneous
image9730.jpg,Miscellaneous
image7118.jpg,Miscellaneous
image7503.jpg,Miscellaneous
image3077.jpg,Miscellaneous
image3757.jpg,Miscellaneous
image792.jpg,Miscellaneous
image5012.jpg,Miscellaneous
image8002.jpg,Miscellaneous
image8396.jpg,Miscellaneous
image7402.jpg,Miscellaneous
image4279.jpg,Miscellaneous
image4441.jpg,Miscellaneous
image1140.jpg,Miscellaneous
image1718.jpg,Miscellaneous
image1724.jpg,Miscellaneous
image293.jpg,Miscellaneous
image1871.jpg,Miscellaneous
image3217.jpg,Miscellaneous
image6389.jpg,Christmas_Tree
image9215.jpg,Miscellaneous
image4857.jpg,Miscellaneous
image4411.jpg,Miscellaneous
image7828.jpg,Miscellaneous
image1707.jpg,Miscellaneous
image2225.jpg,Candle
image4449.jpg,Miscellaneous
image7748.jpg,Miscellaneous
image3660.jpg,Miscellaneous
image4178.jpg,Miscellaneous
image7534.jpg,Miscellaneous
image6959.jpg,Miscellaneous
image5311.jpg,Miscellaneous
image2675.jpg,Miscellaneous
image4994.jpg,Miscellaneous
image4030.jpg,Miscellaneous
image1193.jpg,Miscellaneous
image4107.jpg,Miscellaneous
image4561.jpg,Miscellaneous
image3343.jpg,Miscellaneous
image1472.jpg,Miscellaneous
image5299.jpg,Miscellaneous
image9232.jpg,Miscellaneous
image9439.jpg,Miscellaneous
image1625.jpg,Miscellaneous
image8750.jpg,Miscellaneous
image7922.jpg,Miscellaneous
image7863.jpg,Miscellaneous
image1205.jpg,Miscellaneous
image881.jpg,Christmas_Tree
image8071.jpg,Miscellaneous
image522.jpg,Miscellaneous
image6588.jpg,Miscellaneous
image1080.jpg,Miscellaneous
image5617.jpg,Miscellaneous
image8545.jpg,Miscellaneous
image6164.jpg,Miscellaneous
image4757.jpg,Miscellaneous
image2230.jpg,Miscellaneous
image5410.jpg,Miscellaneous
image8512.jpg,Miscellaneous
image3574.jpg,Miscellaneous
image6288.jpg,Miscellaneous
image1392.jpg,Miscellaneous
image1487.jpg,Airplane
image5967.jpg,Miscellaneous
image1024.jpg,Miscellaneous
image5889.jpg,Miscellaneous
image5589.jpg,Miscellaneous
image3038.jpg,Miscellaneous
image6040.jpg,Miscellaneous
image2991.jpg,Miscellaneous
image4784.jpg,Miscellaneous
image4558.jpg,Miscellaneous
image8231.jpg,Miscellaneous
image1900.jpg,Miscellaneous
image4543.jpg,Miscellaneous
image2488.jpg,Miscellaneous
image8420.jpg,Miscellaneous
image5117.jpg,Miscellaneous
image2931.jpg,Miscellaneous
image9019.jpg,Miscellaneous
image8446.jpg,Miscellaneous
image8597.jpg,Miscellaneous
image3202.jpg,Miscellaneous
image4039.jpg,Miscellaneous
image8319.jpg,Miscellaneous
image630.jpg,Miscellaneous
image3113.jpg,Miscellaneous
image6472.jpg,Miscellaneous
image6994.jpg,Miscellaneous
image6754.jpg,Miscellaneous
image9030.jpg,Miscellaneous
image7206.jpg,Miscellaneous
image8186.jpg,Miscellaneous
image8256.jpg,Miscellaneous
image5070.jpg,Miscellaneous
image4618.jpg,Miscellaneous
image7368.jpg,Miscellaneous
image1204.jpg,Miscellaneous
image6502.jpg,Miscellaneous
image9707.jpg,Miscellaneous
image4313.jpg,Miscellaneous
image4253.jpg,Miscellaneous
image1702.jpg,Miscellaneous
image5646.jpg,Miscellaneous
image8551.jpg,Miscellaneous
image5940.jpg,Miscellaneous
image9874.jpg,Miscellaneous
image3880.jpg,Miscellaneous
image4567.jpg,Miscellaneous
image6392.jpg,Miscellaneous
image5926.jpg,Airplane
image3230.jpg,Miscellaneous
image2370.jpg,Miscellaneous
image9312.jpg,Miscellaneous
image2483.jpg,Miscellaneous
image4174.jpg,Miscellaneous
image2803.jpg,Miscellaneous
image6203.jpg,Miscellaneous
image9687.jpg,Miscellaneous
image1182.jpg,Miscellaneous
image8962.jpg,Miscellaneous
image1795.jpg,Miscellaneous
image2621.jpg,Miscellaneous
image8376.jpg,Miscellaneous
image9844.jpg,Snowman
image576.jpg,Christmas_Tree
image2229.jpg,Christmas_Tree
image1994.jpg,Christmas_Tree
image7589.jpg,Christmas_Tree
image326.jpg,Christmas_Tree
image2244.jpg,Christmas_Tree
image5610.jpg,Christmas_Tree
image1703.jpg,Christmas_Tree
image7096.jpg,Christmas_Tree
image8725.jpg,Christmas_Tree
image6849.jpg,Christmas_Tree
image1114.jpg,Candle
image4843.jpg,Christmas_Tree
image9502.jpg,Christmas_Tree
image408.jpg,Christmas_Tree
image7422.jpg,Christmas_Tree
image4489.jpg,Christmas_Tree
image6182.jpg,Christmas_Tree
image427.jpg,Christmas_Tree
image1730.jpg,Christmas_Tree
image9632.jpg,Airplane
image4837.jpg,Christmas_Tree
image9756.jpg,Christmas_Tree
image5541.jpg,Christmas_Tree
image1738.jpg,Christmas_Tree
image3744.jpg,Christmas_Tree
image7126.jpg,Christmas_Tree
image985.jpg,Miscellaneous
image1157.jpg,Christmas_Tree
image1763.jpg,Miscellaneous
image7268.jpg,Christmas_Tree
image6257.jpg,Christmas_Tree
image8182.jpg,Christmas_Tree
image9324.jpg,Christmas_Tree
image5987.jpg,Christmas_Tree
image3187.jpg,Christmas_Tree
image8805.jpg,Christmas_Tree
image6095.jpg,Christmas_Tree
image9841.jpg,Christmas_Tree
image3396.jpg,Christmas_Tree
image9109.jpg,Christmas_Tree
image9309.jpg,Christmas_Tree
image8967.jpg,Christmas_Tree
image9337.jpg,Christmas_Tree
image1850.jpg,Christmas_Tree
image9569.jpg,Christmas_Tree
image6527.jpg,Christmas_Tree
image7882.jpg,Christmas_Tree
image6073.jpg,Christmas_Tree
image1303.jpg,Christmas_Tree
image3444.jpg,Christmas_Tree
image2561.jpg,Christmas_Tree
image2597.jpg,Christmas_Tree
image5473.jpg,Christmas_Tree
image3525.jpg,Christmas_Tree
image5858.jpg,Christmas_Tree
image6331.jpg,Christmas_Tree
image8447.jpg,Christmas_Tree
image8709.jpg,Christmas_Tree
image7116.jpg,Christmas_Tree
image273.jpg,Christmas_Tree
image2831.jpg,Christmas_Tree
image5699.jpg,Christmas_Tree
image4281.jpg,Christmas_Tree
image8052.jpg,Christmas_Tree
image4357.jpg,Christmas_Tree
image2656.jpg,Christmas_Tree
image4475.jpg,Christmas_Tree
image7850.jpg,Christmas_Tree
image8994.jpg,Miscellaneous
image1175.jpg,Christmas_Tree
image2766.jpg,Miscellaneous
image308.jpg,Christmas_Tree
image276.jpg,Christmas_Tree
image1201.jpg,Christmas_Tree
image9958.jpg,Christmas_Tree
image2681.jpg,Christmas_Tree
image2566.jpg,Christmas_Tree
image7768.jpg,Christmas_Tree
image2078.jpg,Christmas_Tree
image3333.jpg,Christmas_Tree
image7738.jpg,Christmas_Tree
image3145.jpg,Christmas_Tree
image4593.jpg,Christmas_Tree
image15.jpg,Christmas_Tree
image3090.jpg,Christmas_Tree
image9517.jpg,Christmas_Tree
image7210.jpg,Christmas_Tree
image7772.jpg,Christmas_Tree
image7991.jpg,Christmas_Tree
image3045.jpg,Christmas_Tree
image335.jpg,Miscellaneous
image4234.jpg,Miscellaneous
image5090.jpg,Airplane
image1180.jpg,Christmas_Tree
image4192.jpg,Christmas_Tree
image6482.jpg,Christmas_Tree
image6030.jpg,Christmas_Tree
image850.jpg,Christmas_Tree
image448.jpg,Christmas_Tree
image3222.jpg,Christmas_Tree
image9017.jpg,Christmas_Tree
image7077.jpg,Christmas_Tree
image461.jpg,Christmas_Tree
image4221.jpg,Miscellaneous
image2182.jpg,Christmas_Tree
image3389.jpg,Christmas_Tree
image494.jpg,Christmas_Tree
image2552.jpg,Christmas_Tree
image5763.jpg,Christmas_Tree
image5348.jpg,Christmas_Tree
image5440.jpg,Christmas_Tree
image5086.jpg,Christmas_Tree
image2348.jpg,Christmas_Tree
image2919.jpg,Christmas_Tree
image802.jpg,Christmas_Tree
image5971.jpg,Christmas_Tree
image3148.jpg,Christmas_Tree
image2446.jpg,Christmas_Tree
image7035.jpg,Christmas_Tree
image7709.jpg,Miscellaneous
image931.jpg,Christmas_Tree
image9049.jpg,Christmas_Tree
image7917.jpg,Christmas_Tree
image2283.jpg,Christmas_Tree
image8364.jpg,Christmas_Tree
image5575.jpg,Christmas_Tree
image9653.jpg,Christmas_Tree
image2021.jpg,Christmas_Tree
image7113.jpg,Christmas_Tree
image3537.jpg,Christmas_Tree
image4586.jpg,Christmas_Tree
image2071.jpg,Christmas_Tree
image5310.jpg,Christmas_Tree
image9547.jpg,Christmas_Tree
image7515.jpg,Christmas_Tree
image9340.jpg,Christmas_Tree
image4779.jpg,Christmas_Tree
image6841.jpg,Miscellaneous
image8576.jpg,Miscellaneous
image8315.jpg,Miscellaneous
image6449.jpg,Miscellaneous
image6794.jpg,Miscellaneous
image6857.jpg,Miscellaneous
image581.jpg,Miscellaneous
image4416.jpg,Miscellaneous
image5147.jpg,Miscellaneous
image1366.jpg,Miscellaneous
image4431.jpg,Christmas_Tree
image874.jpg,Miscellaneous
image6491.jpg,Miscellaneous
image2263.jpg,Miscellaneous
image736.jpg,Miscellaneous
image6693.jpg,Miscellaneous
image9737.jpg,Miscellaneous
image9366.jpg,Miscellaneous
image7888.jpg,Miscellaneous
image4294.jpg,Miscellaneous
image5110.jpg,Miscellaneous
image9368.jpg,Miscellaneous
image4318.jpg,Miscellaneous
image7509.jpg,Miscellaneous
image4383.jpg,Miscellaneous
image1301.jpg,Miscellaneous
image6614.jpg,Miscellaneous
image9395.jpg,Miscellaneous
image3538.jpg,Miscellaneous
image5778.jpg,Miscellaneous
image4701.jpg,Miscellaneous
image5125.jpg,Miscellaneous
image3416.jpg,Miscellaneous
image6142.jpg,Miscellaneous
image9849.jpg,Miscellaneous
image7568.jpg,Miscellaneous
image3531.jpg,Miscellaneous
image5613.jpg,Miscellaneous
image4990.jpg,Miscellaneous
image8963.jpg,Miscellaneous
image7643.jpg,Miscellaneous
image5571.jpg,Miscellaneous
image4830.jpg,Miscellaneous
image7557.jpg,Miscellaneous
image6247.jpg,Miscellaneous
image3612.jpg,Miscellaneous
image5191.jpg,Miscellaneous
image2819.jpg,Miscellaneous
image3642.jpg,Miscellaneous
image9466.jpg,Miscellaneous
image886.jpg,Miscellaneous
image9703.jpg,Miscellaneous
image5272.jpg,Miscellaneous
image7090.jpg,Miscellaneous
image3081.jpg,Miscellaneous
image6751.jpg,Miscellaneous
image2473.jpg,Miscellaneous
image4173.jpg,Miscellaneous
image9448.jpg,Miscellaneous
image982.jpg,Miscellaneous
image297.jpg,Miscellaneous
image5954.jpg,Airplane
image560.jpg,Miscellaneous
image1885.jpg,Miscellaneous
image3132.jpg,Miscellaneous
image8249.jpg,Miscellaneous
image6924.jpg,Miscellaneous
image5367.jpg,Miscellaneous
image1389.jpg,Christmas_Tree
image9692.jpg,Miscellaneous
image2066.jpg,Airplane
image2476.jpg,Miscellaneous
image854.jpg,Miscellaneous
image4517.jpg,Miscellaneous
image5726.jpg,Miscellaneous
image2289.jpg,Miscellaneous
image7655.jpg,Miscellaneous
image329.jpg,Miscellaneous
image2211.jpg,Miscellaneous
image3788.jpg,Miscellaneous
image3177.jpg,Miscellaneous
image457.jpg,Miscellaneous
image4756.jpg,Miscellaneous
image3159.jpg,Miscellaneous
image7239.jpg,Miscellaneous
image406.jpg,Miscellaneous
image7477.jpg,Miscellaneous
image7.jpg,Miscellaneous
image897.jpg,Miscellaneous
image4751.jpg,Miscellaneous
image928.jpg,Miscellaneous
image6469.jpg,Miscellaneous
image4825.jpg,Miscellaneous
image7249.jpg,Miscellaneous
image1700.jpg,Miscellaneous
image1023.jpg,Airplane
image1200.jpg,Airplane
image6238.jpg,Airplane
image4337.jpg,Airplane
image3950.jpg,Miscellaneous
image7080.jpg,Airplane
image5002.jpg,Airplane
image4774.jpg,Airplane
image107.jpg,Airplane
image3306.jpg,Airplane
image1419.jpg,Airplane
image7460.jpg,Airplane
image8253.jpg,Airplane
image6531.jpg,Airplane
image9219.jpg,Miscellaneous
image5344.jpg,Airplane
image1951.jpg,Airplane
image5278.jpg,Airplane
image7824.jpg,Airplane
image4093.jpg,Airplane
image816.jpg,Airplane
image2023.jpg,Miscellaneous
image4719.jpg,Airplane
image8670.jpg,Airplane
image11.jpg,Airplane
image8384.jpg,Airplane
image6649.jpg,Airplane
image9268.jpg,Airplane
image1305.jpg,Airplane
image2607.jpg,Airplane
image8793.jpg,Airplane
image9418.jpg,Airplane
image3027.jpg,Airplane
image1550.jpg,Candle
image9949.jpg,Candle
image9039.jpg,Candle
image5683.jpg,Candle
image694.jpg,Candle
image6074.jpg,Candle
image7716.jpg,Candle
image6791.jpg,Miscellaneous
image8241.jpg,Candle
image8502.jpg,Christmas_Tree
image2873.jpg,Candle
image6464.jpg,Candle
image5312.jpg,Candle
image8652.jpg,Snowman
image2933.jpg,Miscellaneous
image9685.jpg,Snowman
image8588.jpg,Miscellaneous
image1145.jpg,Snowman
image8189.jpg,Snowman
image8395.jpg,Snowman
image1417.jpg,Snowman
image7957.jpg,Christmas_Tree
image3042.jpg,Snowman
image1576.jpg,Airplane
image9246.jpg,Snowman
image2719.jpg,Snowman
image5731.jpg,Snowman
image5825.jpg,Snowman
image4986.jpg,Snowman
image1930.jpg,Snowman
image770.jpg,Snowman
image6596.jpg,Snowman
image8529.jpg,Snowman
image4682.jpg,Miscellaneous
image6936.jpg,Snowman
image4451.jpg,Airplane
image9041.jpg,Snowman
image6829.jpg,Snowman
image8524.jpg,Snowman
image3655.jpg,Snowman
image2381.jpg,Snowman
image2956.jpg,Snowman
image2741.jpg,Snowman
image4966.jpg,Snowman
image9313.jpg,Snowman
image6935.jpg,Christmas_Tree
image2996.jpg,Snowman
image534.jpg,Snowman
image1663.jpg,Snowman
image8542.jpg,Snowman
image788.jpg,Snowman
image3284.jpg,Miscellaneous
image5075.jpg,Miscellaneous
image4269.jpg,Miscellaneous
image6387.jpg,Candle
image8838.jpg,Airplane
image2946.jpg,Miscellaneous
image4885.jpg,Miscellaneous
image3912.jpg,Miscellaneous
image7583.jpg,Miscellaneous
image3379.jpg,Miscellaneous
image6964.jpg,Candle
image6042.jpg,Candle
image5595.jpg,Candle
image7389.jpg,Christmas_Tree
image6429.jpg,Miscellaneous
image5770.jpg,Christmas_Tree
image8276.jpg,Candle
image1014.jpg,Miscellaneous
image5420.jpg,Candle
image1245.jpg,Candle
image1382.jpg,Christmas_Tree
image1433.jpg,Candle
image4738.jpg,Christmas_Tree
image3388.jpg,Candle
image4324.jpg,Miscellaneous
image6798.jpg,Candle
image1607.jpg,Candle
image3184.jpg,Candle
image828.jpg,Miscellaneous
image6400.jpg,Candle
image3009.jpg,Candle
image6404.jpg,Miscellaneous
image7535.jpg,Candle
image2190.jpg,Candle
image1693.jpg,Miscellaneous
image4397.jpg,Candle
image2513.jpg,Candle
image7793.jpg,Candle
image2731.jpg,Candle
image145.jpg,Candle
image6847.jpg,Candle
image7710.jpg,Candle
image3604.jpg,Candle
image7574.jpg,Candle
image7275.jpg,Candle
image203.jpg,Candle
image2481.jpg,Candle
image7981.jpg,Miscellaneous
image7687.jpg,Candle
image6862.jpg,Candle
image3506.jpg,Candle
image2841.jpg,Candle
image3882.jpg,Candle
image8764.jpg,Candle
image8872.jpg,Candle
image4289.jpg,Candle
image9870.jpg,Candle
image9804.jpg,Candle
image9952.jpg,Miscellaneous
image526.jpg,Candle
image3624.jpg,Christmas_Tree
image5235.jpg,Candle
image454.jpg,Candle
image2319.jpg,Miscellaneous
image7471.jpg,Candle
image6785.jpg,Candle
image6069.jpg,Candle
image2273.jpg,Candle
image5678.jpg,Candle
image9657.jpg,Candle
image2733.jpg,Christmas_Tree
image3461.jpg,Candle
image301.jpg,Candle
image9338.jpg,Candle
image2889.jpg,Candle
image3557.jpg,Candle
image7215.jpg,Miscellaneous
image2461.jpg,Candle
image4349.jpg,Candle
image2643.jpg,Candle
image5777.jpg,Candle
image613.jpg,Candle
image6350.jpg,Candle
image7547.jpg,Candle
image8812.jpg,Candle
image6931.jpg,Candle
image3728.jpg,Candle
image9375.jpg,Candle
image9766.jpg,Candle
image1796.jpg,Candle
image4300.jpg,Candle
image1316.jpg,Candle
image3874.jpg,Candle
image8874.jpg,Candle
image7442.jpg,Candle
image1492.jpg,Christmas_Tree
image9873.jpg,Christmas_Tree
image3384.jpg,Christmas_Tree
image2780.jpg,Christmas_Tree
image9244.jpg,Christmas_Tree
image5567.jpg,Christmas_Tree
image5355.jpg,Christmas_Tree
image4274.jpg,Christmas_Tree
image570.jpg,Christmas_Tree
image1505.jpg,Christmas_Tree
image2944.jpg,Christmas_Tree
image5215.jpg,Christmas_Tree
image9915.jpg,Christmas_Tree
image8390.jpg,Christmas_Tree
image6122.jpg,Christmas_Tree
image9167.jpg,Christmas_Tree
image1018.jpg,Christmas_Tree
image4907.jpg,Christmas_Tree
image8130.jpg,Christmas_Tree
image3586.jpg,Christmas_Tree
image6465.jpg,Christmas_Tree
image9444.jpg,Christmas_Tree
image5250.jpg,Christmas_Tree
image3225.jpg,Christmas_Tree
image4463.jpg,Christmas_Tree
image7867.jpg,Christmas_Tree
image1085.jpg,Christmas_Tree
image2485.jpg,Christmas_Tree
image9489.jpg,Christmas_Tree
image4022.jpg,Christmas_Tree
image7322.jpg,Christmas_Tree
image5073.jpg,Christmas_Tree
image60.jpg,Christmas_Tree
image9637.jpg,Christmas_Tree
image4949.jpg,Miscellaneous
image8023.jpg,Christmas_Tree
image7528.jpg,Christmas_Tree
image5647.jpg,Christmas_Tree
image4089.jpg,Christmas_Tree
image1639.jpg,Christmas_Tree
image4641.jpg,Christmas_Tree
image9168.jpg,Christmas_Tree
image5379.jpg,Christmas_Tree
image9696.jpg,Christmas_Tree
image341.jpg,Christmas_Tree
image8289.jpg,Christmas_Tree
image2186.jpg,Christmas_Tree
image7294.jpg,Christmas_Tree
image8979.jpg,Christmas_Tree
image6729.jpg,Christmas_Tree
image7049.jpg,Christmas_Tree
image3810.jpg,Christmas_Tree
image3014.jpg,Airplane
image975.jpg,Christmas_Tree
image4563.jpg,Christmas_Tree
image8590.jpg,Christmas_Tree
image318.jpg,Christmas_Tree
image5582.jpg,Christmas_Tree
image5811.jpg,Christmas_Tree
image1506.jpg,Christmas_Tree
image3783.jpg,Christmas_Tree
image654.jpg,Christmas_Tree
image2659.jpg,Miscellaneous
image1412.jpg,Christmas_Tree
image7296.jpg,Christmas_Tree
image5704.jpg,Christmas_Tree
image8279.jpg,Christmas_Tree
image5823.jpg,Christmas_Tree
image9464.jpg,Christmas_Tree
image320.jpg,Christmas_Tree
image8922.jpg,Jacket
image6985.jpg,Jacket
image8132.jpg,Jacket
image7948.jpg,Jacket
image6752.jpg,Jacket
image7737.jpg,Jacket
image7708.jpg,Jacket
image6066.jpg,Jacket
image2425.jpg,Jacket
image9943.jpg,Jacket
image8337.jpg,Jacket
image8224.jpg,Jacket
image3313.jpg,Jacket
image8328.jpg,Jacket
image3821.jpg,Jacket
image781.jpg,Jacket
image4209.jpg,Jacket
image8272.jpg,Jacket
image1277.jpg,Jacket
image4921.jpg,Jacket
image2154.jpg,Jacket
image3904.jpg,Jacket
image6903.jpg,Jacket
image298.jpg,Jacket
image492.jpg,Jacket
image8738.jpg,Jacket
image3578.jpg,Jacket
image5145.jpg,Jacket
image2685.jpg,Jacket
image6232.jpg,Jacket
image3641.jpg,Jacket
image6033.jpg,Jacket
image3881.jpg,Jacket
image8779.jpg,Jacket
image9305.jpg,Jacket
image462.jpg,Jacket
image6121.jpg,Jacket
image4794.jpg,Jacket
image7033.jpg,Jacket
image2984.jpg,Jacket
image2067.jpg,Jacket
image7903.jpg,Jacket
image572.jpg,Jacket
image1733.jpg,Jacket
image7396.jpg,Jacket
image37.jpg,Jacket
image5051.jpg,Jacket
image7447.jpg,Jacket
image3312.jpg,Jacket
image4946.jpg,Jacket
image3945.jpg,Jacket
image2024.jpg,Jacket
image4692.jpg,Jacket
image2429.jpg,Jacket
image9150.jpg,Jacket
image8807.jpg,Jacket
image5871.jpg,Jacket
image4240.jpg,Jacket
image5837.jpg,Jacket
image9858.jpg,Jacket
image305.jpg,Jacket
image7489.jpg,Jacket
image9379.jpg,Jacket
image9721.jpg,Snowman
image4643.jpg,Jacket
image8251.jpg,Jacket
image912.jpg,Jacket
image8803.jpg,Jacket
image9940.jpg,Jacket
image8794.jpg,Jacket
image2924.jpg,Airplane
image9654.jpg,Airplane
image8940.jpg,Airplane
image9314.jpg,Miscellaneous
image5028.jpg,Airplane
image9681.jpg,Airplane
image4753.jpg,Airplane
image8594.jpg,Miscellaneous
image9259.jpg,Airplane
image100.jpg,Airplane
image707.jpg,Airplane
image9880.jpg,Airplane
image7258.jpg,Airplane
image438.jpg,Airplane
image8398.jpg,Airplane
image8394.jpg,Airplane
image8027.jpg,Airplane
image4668.jpg,Airplane
image3789.jpg,Airplane
image4875.jpg,Airplane
image8339.jpg,Airplane
image755.jpg,Airplane
image2647.jpg,Airplane
image6504.jpg,Airplane
image3346.jpg,Airplane
image9064.jpg,Airplane
image7524.jpg,Airplane
image5273.jpg,Airplane
image5390.jpg,Airplane
image4673.jpg,Airplane
image4316.jpg,Airplane
image3233.jpg,Airplane
image8343.jpg,Airplane
image8012.jpg,Airplane
image4982.jpg,Airplane
image7954.jpg,Jacket
